date,strategy,benchmark,turnover
2021-06-03,0.0,0.0,0.0
2021-06-04,0.0,0.00580254979123802,0.0
2021-06-07,0.0,-0.00070521758961784,0.0
2021-06-08,0.0,0.00281364472680528,0.0
2021-06-09,0.0,0.0032528972230518602,0.0
2021-06-10,0.0,0.00321503301720144,0.0
2021-06-11,0.0,-8.484542471291998e-05,0.0
2021-06-14,0.0,-0.00309709403968906,0.0
2021-06-15,0.0,1.0121328416739985e-05,0.0
2021-06-16,0.0,-0.0019139790700437402,0.0
2021-06-17,0.0,0.005001564120480679,0.0
2021-06-18,0.0,0.00507365374891252,0.0
2021-06-21,0.0,-0.00425704403934638,0.0
2021-06-22,0.0,0.00121849414977916,0.0
2021-06-23,0.0,-0.0011386972561047398,0.0
2021-06-24,0.0,0.0018348843050418398,0.0
2021-06-25,0.0,-0.0025940012066846202,0.0
2021-06-28,0.0,0.0034621398284687003,0.0
2021-06-29,0.0,0.00116439035265192,0.0
2021-06-30,0.0,0.00123938108995512,0.0
2021-07-01,0.0,-0.0017998669816408,0.0
2021-07-02,0.0,0.00287311266178406,0.0
2021-07-06,0.0,0.00363784655348192,0.0
2021-07-07,0.0,0.00290418576804202,0.0
2021-07-08,0.0,0.0002796600312355401,0.0
2021-07-09,0.0,-0.00365816479818684,0.0
2021-07-12,0.0,-0.0005705710376485842,0.0
2021-07-13,0.0,-0.00382395649888454,0.0
2021-07-14,0.0,0.00441029344817776,0.0
2021-07-15,0.0,0.00289504399506172,0.0
2021-07-16,0.0,-0.00143209584061076,0.0
2021-07-19,0.0,0.0041607236815171394,0.0
2021-07-20,0.0,-0.0005219081437610396,0.0
2021-07-21,0.0,-0.0027730299322925402,0.0
2021-07-22,0.0,0.00335271852815806,0.0
2021-07-23,0.0,-0.00079343176767348,0.0
2021-07-26,0.0,-0.0017752541010391,0.0
2021-07-27,0.0,0.00300005447023478,0.0
2021-07-28,0.0,0.0008425282883019377,0.0
2021-07-29,0.0,-0.00121015006234312,0.0
2021-07-30,0.0,0.0008683127770077799,0.0
2021-08-02,0.0,-0.00033540327363202027,0.0
2021-08-03,0.0,0.0006644438807597399,0.0
2021-08-04,0.0,-0.000294135192156018,0.0
2021-08-05,0.0,-0.00149850666165408,0.0
2021-08-06,0.0,-0.00626298748768724,0.0
2021-08-09,0.0,-0.00285753717465772,0.0
2021-08-10,0.0,-0.00243859171943828,0.0
2021-08-11,0.0,0.0010349784256631401,0.0
2021-08-12,0.0,0.0005748408357959411,0.0
2021-08-13,0.0,0.0060117972579309,0.0
2021-08-16,0.0,0.0008301709139039999,0.0
2021-08-17,0.0,-0.00143268813065396,0.0
2021-08-18,0.0,-0.0002145965067340102,0.0
2021-08-19,0.0,0.00218137996374138,0.0
2021-08-20,0.0,0.0011150337599781265,0.0
2021-08-23,0.0,0.0012761055340625,0.0
2021-08-24,0.0,-0.0017210203934924998,0.0
2021-08-25,0.0,-0.00213461806643422,0.0
2021-08-26,0.0,0.00021539145694621475,0.0
2021-08-27,0.0,0.0042324034937191,0.0
2021-08-30,0.0,0.0015541891349474,0.0
2021-08-31,-0.00019920334136307134,-0.0020293153042603997,0.39840668272614266
2021-09-01,0.0009416962599754379,-0.00115888519108926,0.0
2021-09-02,-0.0005082621970045861,0.00194051766309368,0.0
2021-09-03,-0.00010879827126043619,-0.0028095899130702604,0.0
2021-09-07,0.0008520049098710621,-0.004220907008174959,0.39840668272614266
2021-09-08,0.0,0.0027769633786302603,0.0
2021-09-09,0.0,0.004693198209223299,0.0
2021-09-10,0.0,-0.0032303815526197,0.0
2021-09-13,0.0,0.0029347177498973203,0.0
2021-09-14,0.0,0.0031684440784300397,0.0
2021-09-15,0.0,-0.00035714203735818,0.0
2021-09-16,0.0,-0.0016812282186722202,0.0
2021-09-17,0.0,-0.00204318590222052,0.0
2021-09-20,0.0,0.00210312498147306,0.0
2021-09-21,0.0,0.000569882607270371,0.0
2021-09-22,0.0,0.00251384873476206,0.0
2021-09-23,-0.00010004692708230696,-0.006754150494342359,0.20009385416461392
2021-09-24,-0.002149628933144309,-0.00324324142298492,0.3880219980344827
2021-09-27,-0.0003823840954620588,-0.00146206422985182,0.0
2021-09-28,-0.0013496960246617412,-0.00786965376663866,0.0
2021-09-29,-0.00036290821264808,0.00121011803336236,0.0
2021-09-30,0.00041528119464398136,-0.00105313745185064,0.0
2021-10-01,0.0017828294679371585,0.00231542396251342,0.0
2021-10-04,0.0008667758165362956,-0.00236422176438702,0.0
2021-10-05,-0.0017539986281746305,-0.0034822833429337605,0.0
2021-10-06,0.0013516439698764708,0.0010504519875983401,0.0
2021-10-07,-0.0021371020963969305,-0.00358731172207234,0.0
2021-10-08,-0.00024111785499268904,-0.0037055620330972996,0.0
2021-10-11,0.0005997994024221024,-0.0025254313558935,0.20009385416461392
2021-10-12,-0.0009118389814193037,0.00617428084828474,0.3880219980344827
2021-10-13,0.0,0.0044046763508422595,0.0
2021-10-14,0.0,0.004307600737438201,0.0
2021-10-15,0.0,-0.0031175579577046803,0.0
2021-10-18,0.0,0.00044939372667014005,0.0
2021-10-19,0.0,-0.0041475728843706604,0.0
2021-10-20,-0.00014782399115849826,-0.0017580019832812402,0.2956479823169965
2021-10-21,-0.0007865166853092421,-0.0021192549732351,0.0
2021-10-22,-0.0006526387360850825,0.00246947638412142,0.0
2021-10-25,0.0004633076520185299,0.0006371776713023801,0.0
2021-10-26,8.162980622674842e-05,0.00298413212991314,0.0
2021-10-27,-0.0003264498509370881,0.00514018309719628,0.0
2021-10-28,0.0007080794832659001,-0.00014768089410980003,0.0
2021-10-29,-0.0006600583028697935,-0.00044126636621297997,0.2333918422186816
2021-11-01,-0.0022624100152000637,-0.004668382069733861,0.0
2021-11-02,0.0013873590767143867,0.00287511871714194,0.0
2021-11-03,0.0001153739503712942,-0.0021054478395823,0.0
2021-11-04,0.0019351396407738316,0.00482605522132932,0.0
2021-11-05,0.0028923723362077464,0.006897470603847861,0.2956479823169965
2021-11-08,-0.0005366083238220661,-0.00165214717996634,0.0
2021-11-09,0.0006246000816326474,0.00400211429651316,0.0
2021-11-10,-0.0023879142216091907,-0.00920100608074122,0.0
2021-11-11,-0.0006643448663048782,-0.0018905626610260403,0.0
2021-11-12,-0.00024545309989513234,-0.00105469632325114,0.0
2021-11-15,-0.0017726311186244865,-0.00523498740743756,0.0
2021-11-16,-0.0003890769850368414,-0.00076473957343802,0.0
2021-11-17,0.0009388796316793146,0.00236130191677238,0.0
2021-11-18,0.0005293186087626679,0.0009978126970359,0.0
2021-11-19,0.0008801924837657301,0.0029414765790923,0.0
2021-11-22,-0.0020343807330557677,-0.006552740093686779,0.0
2021-11-23,-0.001663045061666089,-0.0056640452112140995,0.0
2021-11-24,0.0011225989082503725,0.00449197376681774,0.0
2021-11-26,0.0018974805725391387,0.005138265714486739,0.0
2021-11-29,-6.462193820356101e-05,0.0010918479358697196,0.44591516868634534
2021-11-30,-0.0008896340377012016,0.0020771004754695796,0.0
2021-12-01,-0.0006700208445647182,-0.00073986732897062,0.0
2021-12-02,0.001568339084623467,0.00354621647260082,0.0
2021-12-03,0.0,0.004837794555598509,0.0
2021-12-06,0.0009390497714530256,-0.00282576805277172,0.0
2021-12-07,0.001131749695677811,0.00045082127539395993,0.0
2021-12-08,-4.89377393122313e-05,-0.0053220706396561596,0.0
2021-12-09,-0.0009546644540403727,-0.0009061722707261156,0.0
2021-12-10,0.0004917738814501283,0.0007041440525239398,0.0
2021-12-13,-0.00011147866044949894,0.00459682257005452,0.22295732089899784
2021-12-14,5.992176945561574e-05,-0.00242092752237262,0.0
2021-12-15,0.0009863517407500948,-0.00037675422231935995,0.0
2021-12-16,-0.0009593465789327581,-0.00151956477831232,0.0
2021-12-17,-0.00046959691080501406,0.00197979628673984,0.0
2021-12-20,-3.807123712125048e-05,-0.00323757042395498,0.0
2021-12-21,0.0013093684653925088,0.0015257886148036203,0.0
2021-12-22,0.00036876293687953187,0.00253947227245068,0.0
2021-12-23,0.0008843234652472935,-0.0011158895426527,0.0
2021-12-27,-0.00011545170867127076,0.00149448125303612,0.43548064736666153
2021-12-28,0.0,-0.0013007713950542,0.0
2021-12-29,0.0,-0.00458579259130666,0.0
2021-12-30,0.0,0.0027158151144345798,0.0
2021-12-31,0.0,4.8443984494440015e-05,0.0
2022-01-03,0.0,-0.00896635542922056,0.0
2022-01-04,0.0,-0.0015560486834959634,0.0
2022-01-05,0.0,-0.005954529030754959,0.0
2022-01-06,0.0,0.00010505970218532002,0.0
2022-01-07,-9.945030699363806e-05,-0.00393299626497588,0.1989006139872761
2022-01-10,-0.0004893605481279872,0.00031096531465641005,0.0
2022-01-11,-0.0013249770386558027,0.0042460867962223,0.0
2022-01-12,0.0007620224752710369,-0.00026486703933143997,0.0
2022-01-13,-0.0018657927953633292,0.0014711781640207003,0.1989006139872761
2022-01-14,0.0,-0.0062754713911141995,0.0
2022-01-18,0.0,-0.00793086964652342,0.0
2022-01-19,0.0,0.00175419639773144,0.0
2022-01-20,-0.00012393591647155412,0.00040849711886075995,0.24787183294310827
2022-01-21,0.0008763167822142375,0.00444749459613584,0.19860019096299933
2022-01-24,-0.0009034124511552345,-0.00291249290520476,0.0
2022-01-25,-0.0007996203182805177,-0.00221000902715422,0.0
2022-01-26,-0.0027427876472684858,-0.006261363523070521,0.0
2022-01-27,0.0012761103780423743,0.0029942914876578,0.0
2022-01-28,0.00039543357044900535,0.00145671451142644,0.0
2022-01-31,7.116376692350663e-05,-0.0009296502456401651,0.0
2022-02-01,-0.0004900626925305038,-0.0009339658967126201,0.0
2022-02-02,0.00016424514925882224,0.0014040671107760528,0.2356594067154257
2022-02-03,-0.00454932586605133,-0.00731997697176664,0.24787183294310827
2022-02-04,-0.003106292817276669,-0.00785619016441684,0.19860019096299933
2022-02-07,-0.00020281613900504617,0.00036169717472034,0.0
2022-02-08,-0.00024811138725964695,-0.0031251318692521596,0.0
2022-02-09,0.001033698511132149,0.0032037506839401597,0.2356594067154257
2022-02-10,0.0,-0.012887670375189059,0.0
2022-02-11,-8.277976841873652e-05,0.00421804695010648,0.16555953683747304
2022-02-14,0.0009623796911438151,-0.006000551567969341,0.0
2022-02-15,0.000272252579981358,-0.00306816049720112,0.0
2022-02-16,-0.00027997031698474633,0.00393432261819038,0.1660250332104562
2022-02-17,0.00027377547812595417,0.0003631722631791798,0.16555953683747304
2022-02-18,-0.0002251395175975743,0.0035724675166837,0.0
2022-02-22,0.00033725194331612904,-0.0008210223564905798,0.0
2022-02-23,0.00027356743380614704,-0.0061550270593001,0.0
2022-02-24,-0.0010477332516591353,0.00413708712781056,0.0
2022-02-25,-0.0009290383197817763,0.0034101261065355194,0.0
2022-02-28,-0.0001115005399943354,0.00824155706835326,0.0
2022-03-01,0.0013052777812306796,0.00028765977212628013,0.0
2022-03-02,-0.0005294481688496831,-0.01115856647283948,0.0
2022-03-03,0.00041581348277763716,0.0023433003004515,0.0
2022-03-04,0.0011544009952279203,0.0017575252489299205,0.0
2022-03-07,0.001566123524397148,-0.00874405834852828,0.0
2022-03-08,0.0004889850415558016,-0.0052164890905871,0.0
2022-03-09,-0.0013247624580855213,0.0011496210060523196,0.13199856759543596
2022-03-10,0.00044405705498007603,-0.00948124132303964,0.1660250332104562
2022-03-11,-2.4343154422707068e-05,-0.0024737966056916005,0.0
2022-03-14,-0.001278469644137728,-0.014157842270492379,0.0
2022-03-15,0.0002950761369545714,0.004434021587187019,0.0
2022-03-16,9.814244659834695e-05,0.009497599648368962,0.0
2022-03-17,0.00022065176804054125,0.00347308027485232,0.0
2022-03-18,0.00024531376830762524,0.0046619766236195,0.09678900453583535
2022-03-21,-0.00018020871840157185,-0.0136557841228823,0.0
2022-03-22,-0.0009219184961289089,-0.0016132551850290798,0.13199856759543596
2022-03-23,0.0003068944871089912,0.00425967062958762,0.0
2022-03-24,-0.00020130526567981749,-0.0010825586266668002,0.0
2022-03-25,0.0006971785387935474,-0.00856243959494912,0.0
2022-03-28,-0.0006554112172475493,0.0056269009462056405,0.09678900453583535
2022-03-29,0.0,0.0090380102666811,0.0
2022-03-30,0.0,0.0015358330729149199,0.0
2022-03-31,0.0,-0.0015541171224858,0.0
2022-04-01,0.0,-0.0014605497227721399,0.0
2022-04-04,0.0,0.00239520317900064,0.0
2022-04-05,0.0,-0.015087520017858241,0.0
2022-04-06,0.0,-0.0064866994071048805,0.0
2022-04-07,0.0,-0.00362748149153552,0.0
2022-04-08,0.0,-0.007134977765681718,0.0
2022-04-11,0.0,-0.00876089317329452,0.0
2022-04-12,0.0,0.0034560619267138596,0.0
2022-04-13,0.0,0.00423706894139372,0.0
2022-04-14,0.0,-0.01061024376374726,0.0
2022-04-18,-7.372216975339515e-05,-0.0036989409677925197,0.1474443395067903
2022-04-19,0.00110445383980903,-0.004618333722813939,0.0
2022-04-20,-0.0029674351345786586,0.00837426576122176,0.0
2022-04-21,0.0010908354202534749,-0.007336219534444639,0.0
2022-04-22,0.0009280166708095497,-0.00401310650468524,0.0
2022-04-25,-0.0014745719268671994,0.008569144632638,0.0
2022-04-26,-0.0014842996168023235,0.00020386449971200002,0.0
2022-04-27,0.0018173707639518998,-0.007204772895416961,0.1474443395067903
2022-04-28,0.0,0.0029081074334592998,0.0
2022-04-29,-5.143313137810056e-05,-0.011059873704587738,0.10286626275620112
2022-05-02,0.0003326112964831511,-0.00862110764549916,0.12070401908437312
2022-05-03,-0.0013172914238055108,0.005248262745186501,0.0
2022-05-04,-0.0022277217530084566,0.00845161774863114,0.0
2022-05-05,0.0036762413532589787,-0.017683426152584742,0.0
2022-05-06,0.0016060836456649485,-0.00771195177567838,0.0
2022-05-09,0.0006171389610485867,-0.0008863527232866799,0.09033583698743163
2022-05-10,-0.0014883821518707012,0.005273369708216119,0.0
2022-05-11,0.0005132651057028337,0.00331265964316374,0.0
2022-05-12,0.00012872456413489384,-0.00030739896188012,0.0
2022-05-13,0.00039979376985001594,-0.00437518824617144,0.0
2022-05-16,0.00016546391738355917,-0.00017513839975983998,0.0
2022-05-17,0.0008609246231989418,-0.00500269208082216,0.0
2022-05-18,0.0011523433435390227,0.00249484921172822,0.0
2022-05-19,-0.0016482538306284654,0.00426813511657756,0.0
2022-05-20,-0.00044042393856223125,0.00353550910518406,0.0
2022-05-23,-0.00024123793844314225,-0.0032855803003706994,0.0
2022-05-24,-0.0026379114912629285,0.010274833553781901,0.0
2022-05-25,-0.004226838520410674,0.009751600669628279,0.10286626275620112
2022-05-26,-0.0014624945051151762,0.004808829749386621,0.12070401908437312
2022-05-27,-0.0008449451413467359,0.00551888551349332,0.0
2022-05-31,0.0005335825332877878,-0.01002511812705848,0.1339085586612221
2022-06-01,0.0014587664060803397,-0.006496529943686061,0.09033583698743163
2022-06-02,-0.000169237261635428,0.0018734377676586805,0.0
2022-06-03,0.00022103320954159432,-0.0044325044194683,0.0
2022-06-06,0.0008204826338856361,-0.009122237570173618,0.0
2022-06-07,-0.000511050542116616,0.004720990927242321,0.0
2022-06-08,0.00048131388639279887,-0.00722997716127068,0.1339085586612221
2022-06-09,0.0,-0.00411109766962602,0.0
2022-06-10,0.0,-0.011679096354217761,0.0
2022-06-13,0.0,-0.027723625898131522,0.0
2022-06-14,0.0,-0.0018371245758959,0.0
2022-06-15,0.0,0.01652726154156982,0.0
2022-06-16,-2.6600673029469954e-05,-0.00420954022276106,0.05320134605893991
2022-06-17,0.0003036053613189689,0.0027919217633415212,0.0
2022-06-21,-0.0001799682180490696,-0.0070097372313371,0.0
2022-06-22,2.9123220334886216e-05,0.008715052167262921,0.0
2022-06-23,0.0003784302599749741,0.006871410490242019,0.0
2022-06-24,0.0003315970367566118,-7.823770238640018e-05,0.053636984096740135
2022-06-27,-0.0005814550324382254,-0.00660709174380508,0.0
2022-06-28,-0.001299389833971986,-0.0039103655600574595,0.0
2022-06-29,-0.0001735540500169442,0.00481638465222156,0.0
2022-06-30,-9.356854559947354e-05,0.0029160793966161998,0.0
2022-07-01,0.00046315364016172295,0.00666640913056932,0.0
2022-07-05,-0.000159955513324171,0.00152372866968246,0.12490679670961799
2022-07-06,-0.002505214954621287,-0.007221581884984079,0.0
2022-07-07,0.0006380692060054246,0.004274421442744987,0.0
2022-07-08,-0.0012306844692800921,-0.0027158197329050803,0.0
2022-07-11,0.0015590896858785346,0.0027122373705105,0.0
2022-07-12,0.0011553911504540483,0.0032996183218622797,0.0
2022-07-13,0.0012440380825356461,0.003912967705997,0.053636984096740135
2022-07-14,-0.0011695623222912016,-0.00454859128368558,0.0
2022-07-15,0.0013718744675606774,0.00881347838509862,0.12490679670961799
2022-07-18,-0.0005476189124046068,-0.008016592547866939,0.05320134605893991
2022-07-19,-7.862797724934284e-05,0.0045698878171564995,0.15725595449868568
2022-07-20,-0.0001694607251507886,0.00205091484652278,0.0
2022-07-21,0.0021487749667224625,0.01278560524493714,0.0
2022-07-22,0.0012133017911548439,0.00593173089197174,0.0
2022-07-25,-0.0013285714687638463,-0.00453947346119428,0.0
2022-07-26,-0.00010653772468241399,-0.0026980115868361,0.15725595449868568
2022-07-27,0.0,0.005169857099062379,0.0
2022-07-28,0.0,0.00895983244760688,0.0
2022-07-29,0.0,0.0010581668500665165,0.0
2022-08-01,0.0,0.0034097164505225395,0.0
2022-08-02,0.0,-0.01065210197478594,0.0
2022-08-03,0.0,0.0097249592357619,0.0
2022-08-04,-4.439905140660699e-05,0.00178533257360696,0.08879810281321396
2022-08-05,-0.0004528222273701469,-0.011546983414797679,0.0
2022-08-08,7.964941087868772e-05,0.00538911648142476,0.0
2022-08-09,-0.0006593657895711379,-0.00514150301341066,0.0
2022-08-10,0.001328597008558162,0.0070944625213921805,0.0
2022-08-11,-0.0005078097790269648,-0.0097887923551174,0.0
2022-08-12,0.0007500677194506206,0.00887483481950908,0.08879810281321396
2022-08-15,0.0,-0.00080518076983528,0.0
2022-08-16,0.0,-0.00192887025837152,0.0
2022-08-17,0.0,-0.0093003916185939,0.0
2022-08-18,0.0,0.0017372322723236597,0.0
2022-08-19,0.0,-0.0111300281726866,0.0
2022-08-22,0.0,-0.00747530219671152,0.0
2022-08-23,0.0,-3.780680394963997e-05,0.0
2022-08-24,0.0,-0.00205714931644052,0.0
2022-08-25,0.0,0.00951542432930844,0.0
2022-08-26,0.0,-0.006535459603808501,0.0
2022-08-29,0.0,-0.0056936186319646006,0.0
2022-08-30,0.0,-0.0020945458624905397,0.0
2022-08-31,-7.232310285552234e-05,-0.0074284213349180795,0.14464620571104467
2022-09-01,0.0009192084620354641,-0.00827832336587734,0.0
2022-09-02,-0.00041918189479047226,0.0017897545383791403,0.0
2022-09-06,0.0013548005747471624,-0.01053626641629746,0.0
2022-09-07,-0.001003884901618752,0.012774274059352641,0.0
2022-09-08,0.0004623588193268693,-0.00145321848508532,0.0
2022-09-09,1.4498156543414739e-05,0.0025417783081547996,0.0
2022-09-12,0.00021744990814486002,-0.0011160093077513201,0.0
2022-09-13,0.0008130234296001937,-0.011157169418037821,0.0
2022-09-14,-0.00018980124677189233,0.00234878392082432,0.0
2022-09-15,0.00043743146079100215,-0.00414043046554412,0.0
2022-09-16,0.00010237805966671928,-0.0010932816039904798,0.0
2022-09-19,0.00021954013120772448,0.00210853041573234,0.0
2022-09-20,0.0006449603106626013,-0.00894976778961696,0.0
2022-09-21,-0.0004564441690585529,0.00371944626480126,0.0
2022-09-22,0.0015411359991741073,-0.012642926688881178,0.0
2022-09-23,0.00044506977577947525,-0.00544987362928564,0.0
2022-09-26,0.001820352223880307,-0.01454350643890474,0.07961989000831596
2022-09-27,0.00045052381251656107,-0.01003015237202262,0.0
2022-09-28,-0.0009099508318942453,0.02068780086846308,0.0
2022-09-29,-6.024710593890556e-05,-0.007048756125715959,0.14464620571104467
2022-09-30,-0.0003663512136630055,-0.0053915434999379395,0.0
2022-10-03,0.0006005041874083958,0.009484257095725281,0.09272134609680183
2022-10-04,0.001253929698910442,0.009513359676706261,0.06574264031732566
2022-10-05,0.0005666943083363551,-0.005950716003403279,0.09272134609680183
2022-10-06,-2.7029933022933248e-05,-0.00360715278000196,0.0
2022-10-07,-0.00023659401862307803,-0.00966319115568402,0.0
2022-10-10,-0.00014017641384276685,-0.01077319405017462,0.0
2022-10-11,4.289754040331167e-05,0.00183236311088288,0.0
2022-10-12,6.298804404626613e-06,0.0016355921443583798,0.0
2022-10-13,5.080642576863195e-05,-0.0013519903624964198,0.0
2022-10-14,-6.604965368472202e-05,-0.00602485453891826,0.09938465457821047
2022-10-17,-0.0002971860864382747,0.005305207294442881,0.0
2022-10-18,-0.0005295235357858831,0.004823870269472739,0.06574264031732566
2022-10-19,0.0005970365466419143,-0.01179412116784748,0.0
2022-10-20,0.0004229436843229368,-0.00869390089595764,0.0
2022-10-21,0.0004846159435704154,0.00067913529118412,0.0
2022-10-24,6.50663776221423e-05,-0.0013519884720276602,0.07961989000831596
2022-10-25,-0.0013293952746863,0.014167765126334862,0.0
2022-10-26,-0.000453720217818137,0.005719008251605979,0.0
2022-10-27,-0.0004614790397904281,0.007125999433533941,0.0
2022-10-28,-0.0002455621472652164,0.0015970386613014399,0.08064763072894782
2022-10-31,0.0017623687181076726,-0.00922219319231548,0.0
2022-11-01,-0.0005103688500316987,0.0027980127216530202,0.0
2022-11-02,0.0012298919797277214,-0.005852589789527821,0.0
2022-11-03,0.0008318030692737868,-0.005142418817511701,0.0
2022-11-04,-0.0006874426557552266,-0.00038738697067132005,0.0
2022-11-07,0.00036365302772193225,-0.0033905729234909804,0.0
2022-11-08,-0.00025180113796450414,0.00327635130383738,0.0
2022-11-09,0.001164624951379262,-0.0043910383240022,0.09938465457821047
2022-11-10,-0.002576300955592278,0.03115797667219384,0.11727454770253558
2022-11-11,-0.0007138110816134757,0.00106461916141054,0.0
2022-11-14,0.0003406071376902557,-0.005098755871228039,0.0
2022-11-15,0.0010059052907866425,0.01146921500608508,0.0
2022-11-16,0.002785072094140128,0.00634176452597936,0.0
2022-11-17,-0.0009154709395821157,-0.00580396229863552,0.09872156268499725
2022-11-18,-0.0010290774617664731,-0.0007218326156782435,0.0
2022-11-21,0.00041593128718005797,0.0001602836351856601,0.0
2022-11-22,0.001913014483141788,0.00866632038696118,0.0
2022-11-23,0.0025877245750557075,0.00892338245040958,0.0
2022-11-25,-0.0001601189046192385,-0.0013093981663545,0.11191983916047628
2022-11-28,0.00017698420375139744,-0.005383237223623721,0.17936919341394506
2022-11-29,-0.0017753555457606187,-0.00226559795043228,0.0
2022-11-30,0.001734616847918042,0.01158359561566134,0.0
2022-12-01,0.0041307978180648,0.0082464644360567,0.0
2022-12-02,0.0019388694517121527,0.0043993853213062,0.0
2022-12-05,-0.002521869903400949,-0.009815039097638239,0.0
2022-12-06,0.0018399755631728037,0.0021137598775986203,0.0
2022-12-07,0.003760129738890133,0.010803458787670639,0.0
2022-12-08,-0.0006582322706027199,-0.0014081328080209998,0.0
2022-12-09,-0.003773911441394908,-0.00777658524378694,0.11727454770253558
2022-12-12,2.265432791783423e-05,0.00187056960235748,0.0
2022-12-13,0.0007475711520466439,0.009255247753363921,0.0
2022-12-14,0.0002475369552028805,-0.0007027209830501599,0.0
2022-12-15,-0.00014103306938028162,-0.0029404789914734197,0.10243344049785841
2022-12-16,0.0002541804759351547,-0.00569946581369558,0.0
2022-12-19,-0.00016540321312605595,-0.00989007134459326,0.0
2022-12-20,-0.0005531610667281727,-0.008390026503562919,0.11191983916047628
2022-12-21,-0.0008717218525063977,0.00589153534877766,0.0
2022-12-22,0.0005799119703788064,-0.00272380985572252,0.10243344049785841
2022-12-23,0.0,-0.00310878997840632,0.0
2022-12-27,0.0,-0.01225044622386162,0.0
2022-12-28,0.0,-0.007753734671572479,0.0
2022-12-29,0.0,0.0098886495604189,0.0
2022-12-30,0.0,-0.0041353842248347,0.0
2023-01-03,0.0,0.0071572656133506,0.0
2023-01-04,0.0,0.0100638630074551,0.0
2023-01-05,0.0,-0.0002510433794871999,0.0
2023-01-06,0.0,0.01488222368937638,0.0
2023-01-09,0.0,0.0039416978473608,0.0
2023-01-10,0.0,-0.00524972912841244,0.0
2023-01-11,0.0,0.00893934978873248,0.0
2023-01-12,-9.987975517545076e-05,0.009844981562311,0.1997595103509015
2023-01-13,-0.00037838008635191715,-0.0030916160560828,0.0
2023-01-17,-0.0007042918267470756,-0.00363042268587006,0.0
2023-01-18,0.0014633468237406316,0.009603239342749561,0.0
2023-01-19,-0.0007306230876882914,-0.00462088773658676,0.0
2023-01-20,-0.0004436501272708157,-0.00421357971333806,0.0
2023-01-23,-0.0003481151079021656,-0.00230332837842058,0.0
2023-01-24,0.0006675869859025039,0.00519843608149414,0.0
2023-01-25,9.216414094577463e-10,0.0007883246722744999,0.08327119211647559
2023-01-26,-4.2031745913435176e-05,-0.00032854895407792,0.0
2023-01-27,-0.0003363673198723439,-0.0024964159010134003,0.0
2023-01-30,-0.00044275909829845177,-0.004183021136528161,0.0
2023-01-31,0.0007777467249915628,0.0069853785315349805,0.11648831823442593
2023-02-01,0.0,0.00616964210198242,0.0
2023-02-02,0.0,0.0032079593814131396,0.0
2023-02-03,0.0,-0.011315036319433258,0.0
2023-02-06,0.0,-0.00657787698727452,0.0
2023-02-07,0.0,-0.00111939012042896,0.0
2023-02-08,0.0,-0.00017483904983040013,0.0
2023-02-09,0.0,-0.007092960375888119,0.0
2023-02-10,0.0,-0.00760547300124734,0.0
2023-02-13,0.0,0.00411001796542976,0.0
2023-02-14,0.0,-0.00159364747657872,0.0
2023-02-15,0.0,-0.00363571745822818,0.0
2023-02-16,0.0,-0.00857012397727496,0.0
2023-02-17,0.0,0.00425330152001838,0.0
2023-02-21,0.0,-0.0148414997315009,0.0
2023-02-22,0.0,0.005712444283306519,0.0
2023-02-23,0.0,0.008227012093230918,0.0
2023-02-24,0.0,-0.0076113973291248,0.0
2023-02-27,-4.756292706378581e-05,0.00362577947622448,0.09512585412757162
2023-02-28,-0.00017661884504417954,0.00021732514091194009,0.0
2023-03-01,-0.0008014726866859972,-0.00965964274412598,0.0
2023-03-02,5.2481318810759064e-05,-0.00166223446864566,0.0
2023-03-03,0.0009757039280392059,0.01279691958368244,0.0
2023-03-06,7.269411429854515e-05,-0.00243860026359056,0.0
2023-03-07,-0.0006598014641536754,-0.0023144794179360403,0.09512585412757162
2023-03-08,0.0,-0.0022858515294178405,0.0
2023-03-09,0.0,-0.00132056491014048,0.0
2023-03-10,-6.47075461706563e-05,0.0120564243644149,0.1294150923413126
2023-03-13,-0.001029101898015079,0.0001022951201694401,0.0
2023-03-14,0.0007591887168898546,-0.00204593965219724,0.0
2023-03-15,-0.0012903269548502395,0.006209209520760899,0.0
2023-03-16,0.0005084296235637537,-2.539244878006011e-05,0.0
2023-03-17,-0.0008114655636077802,0.0028747283474497,0.0
2023-03-20,0.0004555561162241692,-0.0042352101069506,0.1294150923413126
2023-03-21,-6.294830568222723e-05,0.0031037503367701406,0.12589661136445446
2023-03-22,-0.0016786233144116063,0.006164146157782919,0.0
2023-03-23,0.0,-0.00039329281231194,0.0
2023-03-24,-0.0005324538542817304,0.0008496908054791402,0.0
2023-03-27,0.0029574241271093,-0.01004749108138674,0.0
2023-03-28,-0.00022925689441809176,-0.00042478311632174003,0.0
2023-03-29,0.00018997595944251344,0.005627871190862841,0.12589661136445446
2023-03-30,-6.472858644309307e-05,0.00391992647858686,0.12945717288618613
2023-03-31,0.0019393866031067026,0.010290614304360379,0.0
2023-04-03,0.00022232076397871598,-0.0008232642362045802,0.11518917420097212
2023-04-04,0.0002166694725755515,0.0007114510518222599,0.0
2023-04-05,0.0009099827831258383,0.0011719019657649601,0.1050914004465205
2023-04-06,0.0009436093067628239,0.0020052189648806203,0.0
2023-04-10,-0.0015667041918552775,-0.00610221569331918,0.12945717288618613
2023-04-11,0.0001710605457337803,0.00147272600168102,0.11518917420097212
2023-04-12,-6.855743581928877e-05,-0.00056798025985206,0.0
2023-04-13,0.0008003879519960065,0.0015799278883131796,0.0
2023-04-14,-0.00026100177873069664,-0.0043344070790396995,0.0
2023-04-17,-0.000284399771517185,-0.00571930584677306,0.0
2023-04-18,0.00011407556479947609,0.0020084585805197003,0.0
2023-04-19,-0.00038741723711194914,-0.00302102830061252,0.0
2023-04-20,-6.861712371172798e-05,0.00305794147850056,0.0
2023-04-21,0.00028610312085112447,-0.00017786728552149998,0.0
2023-04-24,0.000308148618282715,0.0047486485525386,0.0
2023-04-25,-0.00019345258194901924,0.004375942382442021,0.0
2023-04-26,-0.0005271725177984455,-0.00529694328641066,0.23349521615243468
2023-04-27,-0.0004983058868394425,-0.00209284203670172,0.0
2023-04-28,0.0022301432111818884,0.00744463420643794,0.0
2023-05-01,-0.0056206034716666745,-0.016414555982594642,0.1050914004465205
2023-05-02,0.0028160563091540296,0.00908862608767548,0.0
2023-05-03,0.00038527098336626326,0.00198196507715534,0.0
2023-05-04,-0.0008218390353478695,-0.0039450502015174,0.3615787178740176
2023-05-05,-0.0004099898065664367,1.2238358732319897e-05,0.0
2023-05-08,-0.0007069374385147589,-0.00629865891368824,0.0
2023-05-09,-0.0001803590694948345,-0.0019621537937925997,0.12808350172158287
2023-05-10,0.0,0.00720564915268274,0.0
2023-05-11,0.0,0.00288610534490872,0.0
2023-05-12,0.0,-0.0054887118158873805,0.0
2023-05-15,0.0,-0.0036554524212596196,0.0
2023-05-16,0.0,-0.00488834148059488,0.0
2023-05-17,-0.0001369164842827104,9.939457951176353e-05,0.27383296856542083
2023-05-18,-0.0015961274858276864,-0.00305695826635694,0.0
2023-05-19,-0.0011475598785237488,-0.00177964903450892,0.0
2023-05-22,-0.0006153211814565936,0.0007979730007483399,0.13907446459201447
2023-05-23,0.0002781930698993396,-0.0008182088260169602,0.0
2023-05-24,-0.0005299964831296115,-0.00509633866255784,0.0
2023-05-25,-0.00044341729504039407,-0.0022264623816655197,0.0
2023-05-26,0.0004964197263645341,0.0051155338308245205,0.1511323560546948
2023-05-30,0.001665918017700022,0.0065351956839226595,0.0
2023-05-31,-2.7881634595749474e-05,0.0017877952501571196,0.0
2023-06-01,0.00015848058425026567,0.00071545810190876,0.0
2023-06-02,0.0004108053121766441,-0.0017491858755179599,0.0
2023-06-05,-0.00041042293437440654,-0.00122327948162726,0.0
2023-06-06,0.0005076554710303535,0.00257603426002922,0.0
2023-06-07,-0.0020359461242871377,-0.00794361329374636,0.0
2023-06-08,0.0017476503576719302,0.007302583627360701,0.21816445151138492
2023-06-09,-0.0006112973630752047,-0.00119053686613734,0.0
2023-06-12,0.0008421380350477761,0.0012275433914704,0.13475850397340638
2023-06-13,-0.00214703904783972,-0.0032847280803455794,0.34733920212936337
2023-06-14,0.0018176908264840226,0.00263691197958184,0.21816445151138492
2023-06-15,0.0013646386395556353,0.006930077295495959,0.0
2023-06-16,-0.0006178125459415245,-0.0028070904532806404,0.0
2023-06-20,0.00035986643968476107,0.00141905205771054,0.0
2023-06-21,0.0003193024206704534,-0.00040109622509660003,0.0
2023-06-22,-0.0010161038508339838,-0.0056679935387621404,0.0
2023-06-23,0.0005807917146617857,0.00218062065695288,0.0
2023-06-26,0.00023960780557557882,0.0011618646864399202,0.0
2023-06-27,-0.00037892136487197985,0.00013563003523897992,0.0
2023-06-28,0.00048058089079442855,0.0046316428140454596,0.19781904292724184
2023-06-29,-0.0010841320186109837,-0.007725767482138039,0.19620684607466857
2023-06-30,-0.0009532188069290169,0.00613831798764374,0.0
2023-07-03,0.0013702576085645806,-0.006209120323448119,0.0
2023-07-05,0.0006103157890827525,-0.00552978651768604,0.0
2023-07-06,0.0013515438365611656,-0.00902877478796138,0.17157499447972413
2023-07-07,-0.0003203633315931512,-0.00100731529505836,0.0
2023-07-10,-0.0017865911705228152,0.0037933853840607197,0.0
2023-07-11,-0.0019521880960074484,0.00451534168308224,0.0
2023-07-12,-0.002944235460694285,0.008812936950943399,0.0
2023-07-13,-0.0023244397211819087,0.007174722743130061,0.19781904292724184
2023-07-14,0.0012018968327849595,-0.006539413865638161,0.0
2023-07-17,-0.0003351807203327396,0.00142193113892772,0.0
2023-07-18,-0.0004274569413631248,0.0026292307851344,0.0
2023-07-19,-0.00023408576040225243,0.00433336415449342,0.17157499447972413
2023-07-20,0.0,-0.00648306937032436,0.0
2023-07-21,0.0,0.0014935682582761802,0.0
2023-07-24,0.0,-0.0020483232274627,0.0
2023-07-25,0.0,-0.00117802729383486,0.0
2023-07-26,0.0,0.0034902426161535598,0.0
2023-07-27,0.0,-0.011188957239261861,0.0
2023-07-28,0.0,0.00542088441492064,0.0
2023-07-31,0.0,0.0023900661702480597,0.0
2023-08-01,0.0,-0.01252807175503052,0.0
2023-08-02,0.0,-0.00547788640101872,0.0
2023-08-03,0.0,-0.0090808206907842,0.0
2023-08-04,0.0,0.009620272502196941,0.0
2023-08-07,0.0,-0.0016278898655812603,0.0
2023-08-08,0.0,0.00437009901033562,0.0
2023-08-09,0.0,0.0014157034643746,0.0
2023-08-10,-7.754780102022166e-05,-0.00616659510595186,0.15509560204044331
2023-08-11,0.00035694151894761285,-0.0023424824311242,0.0
2023-08-14,0.0003415113085481836,-0.0006672004549630199,0.0
2023-08-15,0.0009453103164161212,-0.004081819238080139,0.0
2023-08-16,0.001213486944951913,-0.00408670565326788,0.0
2023-08-17,0.0006610965111760027,-0.00337697207925042,0.0
2023-08-18,-0.0005477380997334065,0.00212176340127702,0.0
2023-08-21,0.0020675003678256795,-0.0048491470542187,0.0
2023-08-22,-0.0012677652970802121,0.00258155321673108,0.15509560204044331
2023-08-23,0.0,0.0129485634088778,0.0
2023-08-24,0.0,-0.00473616377310498,0.0
2023-08-25,0.0,0.00231098165343128,0.0
2023-08-28,0.0,0.0028798733570467605,0.0
2023-08-29,0.0,0.0074590318820781,0.0
2023-08-30,-7.650447726468541e-05,-0.00069591760870976,0.15300895452937083
2023-08-31,-0.00022161348472254694,0.00141212039437324,0.0
2023-09-01,0.0012013133123821558,-0.00897816882327494,0.0
2023-09-05,0.0008284601137190211,-0.0077949716048650005,0.0
2023-09-06,0.00014416086742099517,-0.00065534867600386,0.0
2023-09-07,-0.00048101386522358974,0.00332985877321774,0.0
2023-09-08,-0.00016750673417297027,0.00076818612822674,0.17519424681017437
2023-09-11,0.00038632062424376134,-0.0014639736975904601,0.0
2023-09-12,-0.000239208288279528,0.00061866591434968,0.0
2023-09-13,0.00021645260430461482,0.0017289807810305802,0.0
2023-09-14,0.0004557675439817204,-0.0015538327786901803,0.0
2023-09-15,-0.0002203130775068745,-0.0033851853400896003,0.0
2023-09-18,-0.00018607488772073752,0.00199439688143664,0.0
2023-09-19,-8.189321825852249e-05,-0.00384913755167096,0.180008038032001
2023-09-20,1.435611580625361e-05,0.00019494641785217995,0.0
2023-09-21,0.001097298726458085,-0.01134044475882268,0.0
2023-09-22,-0.0006927545085949965,0.00433668227171918,0.0
2023-09-25,0.0011996316157675152,-0.0090019514711031,0.0
2023-09-26,0.00014295807942432318,-0.00332871808375254,0.0
2023-09-27,0.0005282823853099431,-0.00323228515353818,0.0
2023-09-28,-0.0006318290976143944,0.00337883931437388,0.15300895452937083
2023-09-29,0.00015199960772263718,-0.0010296550604036799,0.0
2023-10-02,-2.7596820329756426e-05,-0.013108472663994819,0.0
2023-10-03,4.3000427574693345e-05,-0.01224172297595548,0.0
2023-10-04,-0.00035091440091566196,0.0077486850825404605,0.16319176878746586
2023-10-05,-0.0001319605366925759,-0.00064364774046066,0.0
2023-10-06,-0.0005984078721534012,-0.00315941182707812,0.3552022848421753
2023-10-09,0.0020239791747035723,0.01221275007935416,0.0
2023-10-10,6.449140564415252e-05,-0.00039961821246144006,0.0
2023-10-11,0.0009333664312377529,0.00638225092175302,0.1316494736673162
2023-10-12,0.001873459933322405,-0.01143088562446722,0.0
2023-10-13,-0.0014490910435587226,0.00520329314080654,0.0
2023-10-16,0.0009919913587386091,-0.00583264335378324,0.0
2023-10-17,0.00015416724092808253,-0.00710969431965522,0.0
2023-10-18,-0.00014888871694782122,-0.0062956255732592396,0.0
2023-10-19,0.0013776523878177053,-0.0078718899036853,0.0
2023-10-20,-9.99731067728265e-05,0.00338558066638298,0.0
2023-10-23,-0.00030804362685797734,0.0063696644297765405,0.0
2023-10-24,-0.0008156820881156475,0.006518283288792781,0.0
2023-10-25,0.0014456367464130639,-0.00980290283828254,0.0
2023-10-26,-0.0008335457593129216,0.0071942090150866195,0.0
2023-10-27,0.00023235206451529506,-0.0019017400868713002,0.0
2023-10-30,0.00010145583704395961,-0.0018779564980739003,0.0
2023-10-31,0.00041259025147169644,-0.00020874330295218014,0.0
2023-11-01,-0.0007479302926634935,0.008904656703384159,0.16319176878746586
2023-11-02,-0.0030634190529351536,0.012584691171818142,0.12448076382853923
2023-11-03,-0.00027862951809852097,0.007774871448031099,0.0
2023-11-06,0.0006173822153892856,-0.00550562067478538,0.0
2023-11-07,-0.0009471561060131476,0.0053782438635594804,0.0
2023-11-08,-0.0016748351429089967,0.00532196372097518,0.1316494736673162
2023-11-09,-0.0012605565967018495,-0.010858429325729859,0.0
2023-11-10,0.0006244786884948741,0.00458903853561532,0.0
2023-11-13,1.2186293238712131e-05,-0.0009980999159175494,0.0
2023-11-14,0.0019491978037604486,0.014258656959589758,0.0
2023-11-15,-0.000647713694581051,-0.00634232126812168,0.0
2023-11-16,0.0010248785499909377,0.00578558067083072,0.0
2023-11-17,0.000358772315761064,0.00280719414769406,0.0
2023-11-20,0.00037102392242443436,0.00270825330683486,0.25961310318414904
2023-11-21,-0.00017703332035872267,0.0007078011044862999,0.0
2023-11-22,-0.0003388558688454857,0.00254492517051462,0.0
2023-11-24,5.399601539149577e-05,-0.0046887378811176,0.1271314920879397
2023-11-27,0.000515577913371475,0.0066972947568267995,0.0
2023-11-28,5.86572561847987e-05,0.00368557131343342,0.0
2023-11-29,-8.066733016328584e-05,0.0072415184386678795,0.0
2023-11-30,-0.00020286957345298562,-0.00471344505390358,0.0
2023-12-01,0.00037370711139228004,0.00726450568493342,0.0
2023-12-04,-0.00015137065005313131,-0.0034694390124352,0.0
2023-12-05,0.0006540191708335213,0.00768277914111722,0.0
2023-12-06,0.00038553287800822684,0.0038626761603448396,0.0
2023-12-07,-0.00019380494533108723,-0.00037974996712240546,0.0
2023-12-08,-0.0004216504092375862,-0.00443503855680342,0.0
2023-12-11,0.00011504431920142254,-0.0007410240817287801,0.0
2023-12-12,1.6199885828661453e-05,0.00331649736362286,0.0
2023-12-13,-0.00040956325299996293,0.0165781957615149,0.0
2023-12-14,-6.741888264147648e-05,0.00785441263767058,0.1351323393556098
2023-12-15,-0.000295589370775729,-0.0013741162982103196,0.0
2023-12-18,-0.00025764393302623597,-0.0036534689165350605,0.0
2023-12-19,7.113705379460855e-05,0.0028059315938643603,0.16752645203160768
2023-12-20,0.0005173063255520639,0.0025746930773323,0.0
2023-12-21,-0.0007753804821538808,0.00045867003623147973,0.0
2023-12-22,-7.168653052734615e-05,-0.0019387561258058,0.1271314920879397
2023-12-26,-0.0003357286753061931,0.00217923557673696,0.0
2023-12-27,-0.0007053772256602035,0.008350057503538181,0.0
2023-12-28,0.0005970613983742845,-0.0037692526057399403,0.0
2023-12-29,0.0005000306157803238,-0.0043909768716464195,0.16305173319732919
2024-01-02,-3.4938555301421236e-05,-0.0047397163848037,0.0
2024-01-03,0.00010598088785368766,-0.0007206179977192601,0.0
2024-01-04,2.257575705558639e-05,-0.00652705823391736,0.0
2024-01-05,-8.672403424652322e-05,-0.00268322532278678,0.0
2024-01-08,2.2111973822895246e-05,0.006441194222740261,0.0
2024-01-09,-3.0259906469887405e-05,-0.00031837728609392,0.0
2024-01-10,-5.8824404973712406e-05,-0.0007867299360855201,0.0
2024-01-11,0.00010246115253807562,0.00461962122528822,0.0
2024-01-12,-7.889291589267814e-05,0.0009074954827244398,0.0
2024-01-16,6.499106299121318e-06,-0.00965119515386118,0.18485102108533222
2024-01-17,0.00033035229649585284,-0.00290307729272524,0.0
2024-01-18,0.0004104042756235246,-0.0016713570372205802,0.0
2024-01-19,-0.00017307099725233878,0.00143219591478964,0.16752645203160768
2024-01-22,-0.0003820317700787071,0.0026027251380385,0.0
2024-01-23,0.0004865341982972525,-0.0031655858357530404,0.0
2024-01-24,0.0002719427975158929,-0.00221589845242164,0.0
2024-01-25,2.311383012667135e-05,0.00654532016604694,0.0
2024-01-26,0.00039787387599819974,-0.001580708434685,0.0
2024-01-29,-0.00048697535179708805,0.0049299753131865,0.16305173319732919
2024-01-30,-0.0005906296766373582,0.00226623158638358,0.0
2024-01-31,-0.0004709988219414818,0.00227310230865266,0.0
2024-02-01,-0.0007718190240203675,0.00469862158585798,0.0
2024-02-02,0.001687593966503752,-0.009758378899224079,0.0
2024-02-05,0.001770608752025429,-0.0094854180136982,0.0
2024-02-06,-0.001038585576154648,0.0056603906969348,0.0
2024-02-07,0.000541786684098829,-0.00132777511770554,0.0
2024-02-08,0.0009509105266485398,-0.00286547696895586,0.0
2024-02-09,0.00013661241417138543,0.00013469245880369995,0.20468891863036837
2024-02-12,-0.0004923509105750883,-0.0006100027465843514,0.0
2024-02-13,0.00019314693932085403,-0.0106849358726492,0.3895399397157006
2024-02-14,0.0,0.00445695534981834,0.0
2024-02-15,-9.658713992737344e-05,0.0034880534340790198,0.19317427985474686
2024-02-16,-0.0004501014424978793,-0.0035794581145264194,0.0
2024-02-20,0.00032811670067336664,0.0017835096439431399,0.0
2024-02-21,-0.00039176564107962057,-0.00320053823426276,0.1693634875144396
2024-02-22,7.54243659325032e-05,0.00335354548772362,0.0
2024-02-23,-0.002165172696297739,0.00424875599869234,0.0
2024-02-26,-8.6347115434046e-05,-0.0029161907237967395,0.0
2024-02-27,0.001337578026571149,-0.00154889001257788,0.0
2024-02-28,-0.0010343739611011395,0.0016593635458131083,0.0
2024-02-29,-0.001046538829507584,0.0025433823240711,0.19317427985474686
2024-03-01,-0.00052150739304459,0.0006368055620260799,0.0
2024-03-04,0.0006812633787871216,-0.0016343853208613402,0.0
2024-03-05,-0.0024120284197652097,0.00464483146316876,0.0
2024-03-06,-0.0009938503533449216,0.0029750940218632002,0.0
2024-03-07,0.00015878835282726823,0.00118283280356078,0.0
2024-03-08,0.0003002240073570495,0.00024054669669520005,0.0
2024-03-11,-3.7751760824891374e-05,-0.00031747251736642,0.2524321946905804
2024-03-12,0.0006058268600311242,-0.00253707884985718,0.0
2024-03-13,0.0005656353417029854,-0.00131452803381534,0.0
2024-03-14,0.0007410084833966432,-0.00776006159538212,0.0
2024-03-15,-3.1803632598793106e-05,-0.00013794099317804,0.3134254902396679
2024-03-18,0.0006534406947496086,-0.0003150011691082599,0.0
2024-03-19,0.0015781130868513607,0.0032809558531837596,0.0
2024-03-20,0.001494242683034613,0.0020619988563519,0.1693634875144396
2024-03-21,0.0003405854266858431,0.00074640175143872,0.0
2024-03-22,0.00043459877952712543,0.00275254663483106,0.0
2024-03-25,-0.0012822858662379553,-0.0025473212706224,0.2524321946905804
2024-03-26,-0.000750447599741359,9.459891463667993e-05,0.3134254902396679
2024-03-27,-0.00014745637653873494,0.0061575114192170205,0.2949127530774699
2024-03-28,0.0006435767270830706,-0.001348216099323,0.0
2024-04-01,0.002693812242983541,-0.012965629403016881,0.0
2024-04-02,0.000497764860672089,-0.0022639471343388,0.0
2024-04-03,-0.00037757791800397647,0.00047325499847977997,0.2949127530774699
2024-04-04,0.0,0.0017003009856579002,0.0
2024-04-05,0.0,-0.00493475879054964,0.0
2024-04-08,0.0,0.0007742847269564173,0.0
2024-04-09,0.0,0.0045393658216301,0.0
2024-04-10,0.0,-0.01322362676142346,0.0
2024-04-11,-9.172934352521679e-05,-0.00165756657657526,0.18345868705043358
2024-04-12,-9.604129160774506e-05,0.0017722984028311398,0.0
2024-04-15,-0.0010569892273964612,-0.0088671902200801,0.0
2024-04-16,-0.0006040388723596717,-0.0038870114905210596,0.0
2024-04-17,0.00024240999861685486,0.00475897223629046,0.0
2024-04-18,0.00014525037613020145,-0.0015555316493461198,0.0
2024-04-19,0.00026311909673904036,0.0019187665116595601,0.15112217392043237
2024-04-22,0.0010174572474007922,0.0024223034767996005,0.18345868705043358
2024-04-23,0.0003166803522911397,0.00241021152804586,0.0
2024-04-24,-0.0003950286880093426,-0.0034998736689169398,0.0
2024-04-25,-0.0004277437877396631,-0.0035322351403778603,0.0
2024-04-26,0.0003336366405639433,0.0035456072978824202,0.0
2024-04-29,0.0004597248290320861,0.0043418733028651,0.0
2024-04-30,-0.0006163726615603132,-0.00633520444947662,0.0
2024-05-01,6.34660519748035e-05,0.0006146146762915801,0.0
2024-05-02,0.0006820886238515802,0.005388550326505379,0.0
2024-05-03,0.000698218408560059,0.00619880365320648,0.15112217392043237
2024-05-06,0.0,0.0019343060064753801,0.0
2024-05-07,0.0,0.0018395955398241202,0.0
2024-05-08,0.0,-0.0030229030659974405,0.0
2024-05-09,0.0,0.001784623731329,0.0
2024-05-10,0.0,-0.0029563156042214994,0.0
2024-05-13,-9.57021271394212e-05,0.00065883752955836,0.1914042542788424
2024-05-14,-0.00029876478982214527,0.0028619359630167604,0.0
2024-05-15,-0.0011185887052733861,0.00810977942328746,0.0
2024-05-16,0.00044483958088672597,-0.0016038776378369001,0.0
2024-05-17,-2.477612928122998e-05,-0.00244700051093018,0.0
2024-05-20,-9.907279409836949e-05,-0.00063963481793358,0.0
2024-05-21,0.00014852286609561325,0.00147900171398664,0.0
2024-05-22,0.0004211730799196777,-0.0011691114719332,0.0
2024-05-23,0.0006703659174843578,-0.004164978361033441,0.0
2024-05-24,-0.0006727220297997076,0.0027698054563461403,0.0
2024-05-28,0.0007696828946628778,-0.006542235223090581,0.0
2024-05-29,0.0005733545378592013,-0.00552130898719004,0.0
2024-05-30,-0.0007751123339704852,0.005616817832105101,0.0
2024-05-31,-0.0006723719192497206,0.00443977206092534,0.0
2024-06-03,0.00019215047216908807,0.00285702911320508,0.2112540080861896
2024-06-04,-0.0007892206258356151,0.00365389279053634,0.2496249638379422
2024-06-05,-0.00045115412820723595,0.00406295591902256,0.0
2024-06-06,-0.00011320809026976702,-0.00100147005370436,0.0
2024-06-07,0.001618415151620108,-0.008344341849663279,0.0
2024-06-10,0.00014413617991894853,-0.00153660489023854,0.1914042542788424
2024-06-11,-0.00029731479695266176,0.004214235944571499,0.0
2024-06-12,-0.0001284926452462854,0.0051892111875861,0.0
2024-06-13,-0.0010107203101881517,0.0049089210944428,0.0
2024-06-14,-0.0013442282898327707,0.00047397220763841993,0.2496249638379422
2024-06-17,0.0007550917265599085,-0.0032989429743723,0.0
2024-06-18,-0.0008634273598224999,0.0047803546901201005,0.2112540080861896
2024-06-20,0.0,-0.00268392997200384,0.0
2024-06-21,0.0,0.0005205395805197201,0.0
2024-06-24,0.0,0.00090578971298908,0.0
2024-06-25,0.0,0.00069396015630976,0.0
2024-06-26,0.0,-0.00581495368104044,0.0
2024-06-27,0.0,0.00202186594083286,0.0
2024-06-28,0.0,-0.00698456355675654,0.0
2024-07-01,0.0,-0.01005447755257744,0.0
2024-07-02,0.0,0.00475592812267664,0.0
2024-07-03,0.0,0.00635321922653158,0.0
2024-07-05,-0.00011712574434697342,0.00513011449677118,0.2342514886939468
2024-07-08,0.00024764554748808363,0.00021206251619003874,0.0
2024-07-09,6.77909650637855e-05,-0.0017978752557801798,0.16189966022754762
2024-07-10,-0.0009549281878052762,0.00216177757560514,0.0
2024-07-11,-0.0024146826791075554,0.00548087562394958,0.0
2024-07-12,-0.0014077876521001232,0.0032662243128502395,0.0
2024-07-15,0.0018613149345183505,-0.00406403033872638,0.0
2024-07-16,-0.0032186128216324674,0.00636521223551772,0.0
2024-07-17,0.0001541396152243217,-0.00018373353286958006,0.16189966022754762
2024-07-18,0.000539583418610835,-0.0038072309863127402,0.0
2024-07-19,0.00019666856797927531,-0.00264107866297876,0.0
2024-07-22,-0.0009031981920890903,0.00066352377354664,0.18254550843768397
2024-07-23,0.00015806773415570136,-0.00033946634474614,0.0
2024-07-24,0.0028063344487703106,-0.0053436378230533,0.0
2024-07-25,-0.001711459387052961,0.00310074975772142,0.2342514886939468
2024-07-26,-0.0014244390776064725,0.00457260809940166,0.0
2024-07-29,-0.0009815330284506261,0.0014571530477981598,0.0
2024-07-30,-0.0007029254033171087,0.0012828023358689399,0.0
2024-07-31,-0.0019817923323855804,0.005768446021736381,0.22903967118554913
2024-08-01,-0.0012168987223881527,-0.00182011202186888,0.0
2024-08-02,-0.008250717306431473,0.00912556696119544,0.0
2024-08-05,-0.0007832239609075045,-0.0021090579110090804,0.0
2024-08-06,0.005454074586057103,-0.00543925925134236,0.0
2024-08-07,0.0019746580620468492,-0.0022393626360728202,0.0
2024-08-08,0.0014687653184802722,0.00016489554122783994,0.0
2024-08-09,-0.0026082984938076968,0.00363635252589392,0.0
2024-08-12,-0.0010548532712704416,0.0016793853631688002,0.0
2024-08-13,-0.0021847024923346433,0.0055015090278067395,0.0
2024-08-14,-0.0016709613767956807,0.00331658483774232,0.22903967118554913
2024-08-15,0.0014731956245820942,-0.00269680542806816,0.0
2024-08-16,-0.0007304714983407404,0.00308010658418356,0.18254550843768397
2024-08-19,0.0,0.00225274719725906,0.0
2024-08-20,0.0,0.0024107871345239,0.0
2024-08-21,0.0,0.001735777465296,0.0
2024-08-22,0.0,-0.004039696542163939,0.0
2024-08-23,0.0,0.00549648940521656,0.0
2024-08-26,0.0,-0.0016904692813547,0.0
2024-08-27,-9.971755275990291e-05,-0.00023856537222387996,0.1994351055198058
2024-08-28,0.00010061277231644062,-0.00091487571656954,0.0
2024-08-29,-0.0002013271119011526,-0.0009266883116501,0.0
2024-08-30,-0.00013395907214563965,-0.00309977131272328,0.21766589471519118
2024-09-03,0.0017960236747579018,-0.0007969384197840001,0.0
2024-09-04,-0.002186159609194687,0.0062884864680091,0.1994351055198058
2024-09-05,-0.0010705109875507454,0.0038957671293980796,0.0
2024-09-06,9.683483365661199e-05,-0.00037328320558490004,0.0
2024-09-09,-0.00048443401399244073,0.00252082262010224,0.0
2024-09-10,-0.0007071301741145158,0.0017501743614872199,0.21554130659858858
2024-09-11,0.0002610073387302661,0.00050541831070556,0.0
2024-09-12,0.0003994999351165258,-0.0007480571262258,0.0
2024-09-13,-2.901754374398883e-05,0.00272665073423802,0.0
2024-09-16,-0.0006249282222333081,0.00410208607854324,0.21554130659858858
2024-09-17,-1.914628396093585e-05,-0.0009721980304875303,0.0
2024-09-18,0.000899606358806066,-0.00353254739710204,0.0
2024-09-19,-0.00019219653280107675,0.0005653246885855373,0.0
2024-09-20,-0.00019202697514543167,-0.0002916052634486199,0.0
2024-09-23,0.0003069694186739172,-0.0015277598555109,0.0
2024-09-24,-0.00036505473627453105,0.00069839662288632,0.0
2024-09-25,0.0011763045856515893,-0.004061204703393941,0.21766589471519118
2024-09-26,0.0,0.00091666117089956,0.0
2024-09-27,0.0,0.0034226658934452406,0.0
2024-09-30,0.0,-0.00205060543303906,0.0
2024-10-01,0.0,-0.0012905005910199398,0.0
2024-10-02,0.0,-0.00253794550225086,0.0
2024-10-03,0.0,-0.0048149112450945,0.0
2024-10-04,0.0,-0.005251720895442661,0.0
2024-10-07,-0.0001300468403272378,-0.0050333902322218195,0.2600936806544756
2024-10-08,0.0004438410785631105,0.0019693170954623597,0.0
2024-10-09,-0.0006776722313836935,-0.00238657341376298,0.0
2024-10-10,-0.00015678675812641263,-0.00124181024441842,0.0
2024-10-11,-6.746090954116845e-05,0.00020124685622801997,0.29180314665274076
2024-10-14,-0.0004161320866277535,0.0002110853910804005,0.0
2024-10-15,0.0010465333562360466,0.00416053135344752,0.0
2024-10-16,-0.00026382343939838416,0.0024968247635472,0.0
2024-10-17,-0.0005536067403594722,-0.00643081390676922,0.0
2024-10-18,-0.0007909430011573137,0.00111132716931766,0.2600936806544756
2024-10-21,0.0011721398020863257,-0.008526846657884241,0.0
2024-10-22,0.00036708707392252754,-0.0004110255201753408,0.29180314665274076
2024-10-23,0.0,-0.0029903192699637206,0.0
2024-10-24,0.0,0.0034761928436085,0.0
2024-10-25,0.0,-0.00251435627515742,0.0
2024-10-28,0.0,5.3820317647419994e-05,0.0
2024-10-29,0.0,0.00087867001221706,0.0
2024-10-30,0.0,-0.0006175219916049999,0.0
2024-10-31,0.0,-0.0010460979693158198,0.0
2024-11-01,0.0,-0.008852392990223161,0.0
2024-11-04,0.0,0.0064849299891033,0.0
2024-11-05,0.0,0.00354417756094588,0.0
2024-11-06,0.0,-0.008317929335058118,0.0
2024-11-07,0.0,0.008116493259570801,0.0
2024-11-08,-0.00012790822999997326,0.00434022184374534,0.2558164599999465
2024-11-11,-0.0002885275114827547,-0.0021513034153291402,0.0
2024-11-12,-0.0010269877063257974,-0.00773643169974408,0.0
2024-11-13,6.445927957137653e-05,-0.0024974419834056997,0.0
2024-11-14,-0.0006320843408529627,0.00017859623117216002,0.16883359783373242
2024-11-15,-1.4972659871591429e-05,-0.00054749072006222,0.0
2024-11-18,0.0006398824224145905,0.00161972041793224,0.0
2024-11-19,0.0006285373048192458,0.0023639661849766203,0.0
2024-11-20,-0.0003212324817580046,-0.00149661442332732,0.16883359783373242
2024-11-21,9.655487166479355e-05,-0.00035932944842859995,0.0
2024-11-22,-6.436199255864307e-05,0.00038828673770472,0.0
2024-11-25,0.0009654764215919267,0.01102961584784096,0.0
2024-11-26,-0.0005583330089238669,-0.0023376550863443797,0.15481969864400083
2024-11-27,0.00020520310698625579,0.00384537889050316,0.0
2024-11-29,-0.0005736950139769049,0.00494507886177434,0.2558164599999465
2024-12-02,0.00029410380150699883,-0.0033430135086707407,0.0
2024-12-03,0.00042025574399402326,-0.00277561861107918,0.2539164616343911
2024-12-04,-0.0012970902642082953,0.00467251250679162,0.0
2024-12-05,0.00025140638686131357,4.983055922431999e-05,0.0
2024-12-06,-0.0007957082440237338,0.00199182096470426,0.0
2024-12-09,0.0007576534909291246,-0.0034718456524638003,0.0
2024-12-10,0.00023835415434328915,-0.0013909741336129,0.0
2024-12-11,0.0001855142396627914,-0.00280874001958706,0.36681364320009335
2024-12-12,0.0015398916014718604,-0.00545498293310564,0.0
2024-12-13,0.001485686747889148,-0.00510880789626352,0.1997032206810074
2024-12-16,-1.8047157955231216e-05,0.0017499765167900399,0.0
2024-12-17,0.0009327910019938174,-0.0002743485118110151,0.0
2024-12-18,0.001665403757235729,-0.013754517036744237,0.0
2024-12-19,-0.0008744037343488685,-0.0061937939360597,0.2539164616343911
2024-12-20,0.0005671338333936743,0.00500717661621316,0.0
2024-12-23,-0.0012756589898364964,-0.00396568137268512,0.1997032206810074
2024-12-24,-0.00032753704721089126,0.00285530650134684,0.17260264763646768
2024-12-26,-5.512750080254097e-05,0.0012085117718252198,0.0
2024-12-27,0.0017469198660713513,-0.00410082367946102,0.21199394455609255
2024-12-30,-0.0013871715909804716,0.0036832066907699994,0.0
2024-12-31,0.000923957315102914,-0.00188945546572184,0.0
2025-01-02,-0.0005606430831812495,0.0016587113609484896,0.17260264763646768
2025-01-03,-0.00010052334058823955,-0.00059165180843056,0.20104668117647911
2025-01-06,-0.00030054677492372003,-0.0010228233802932999,0.18575707940510044
2025-01-07,-0.00026971011969687924,-0.00514146088896994,0.24739466963327378
2025-01-08,0.0003522407317462316,0.0012681324624785602,0.0
2025-01-10,-0.0017374624635927971,-0.0057398093747999595,0.0
2025-01-13,-0.00019752818562468482,-0.0009619202341742999,0.0
2025-01-14,-0.0004984212759370617,0.00038582157652315995,0.0
2025-01-15,0.004205286389939479,0.011174155372506878,0.1703724925910309
2025-01-16,0.0013587051995203234,0.0019297064640325001,0.0
2025-01-17,0.00041587328526449484,0.0008557374393048999,0.0
2025-01-21,0.0032340667314296203,0.0047199928350726604,0.18575707940510044
2025-01-22,-0.002308521604282426,-0.0027589769594653,0.0
2025-01-23,-0.0024926842888960267,-0.0016228427005453802,0.0
2025-01-24,0.0015922710635225008,0.0020543249224735,0.37141917376751
2025-01-27,0.0029215340995241866,0.00523446860590968,0.0
2025-01-28,-0.00016819349787087627,-0.00067461692741754,0.0
2025-01-29,-0.0005049451729229291,-0.0010817369405441,0.0
2025-01-30,0.0009276082776846245,0.00227298736998782,0.0
2025-01-31,-0.0016242639784600364,-0.0032265080704086805,0.0
2025-02-03,0.0010039034279317987,-0.00248840706371078,0.24739466963327378
2025-02-04,0.0,0.0025882026109765198,0.0
2025-02-05,0.0,0.006834130524420301,0.0
2025-02-06,0.0,-0.00121245564817566,0.0
2025-02-07,0.0,-0.00400388257203706,0.0
2025-02-10,0.0,0.00037293712556194,0.0
2025-02-11,0.0,-0.00248202184930118,0.0
2025-02-12,0.0,-0.00572796955560982,0.0
2025-02-13,0.0,0.00788100607164632,0.0
2025-02-14,0.0,0.00305505159026222,0.0
2025-02-18,0.0,-0.004268470642837819,0.0
2025-02-19,0.0,0.0009651906109013999,0.0
2025-02-20,0.0,0.00180947894095858,0.0
2025-02-21,0.0,0.00331689634255026,0.0
2025-02-24,0.0,0.0018818762217860802,0.0
2025-02-25,0.0,0.00721927455509382,0.0
2025-02-26,0.0,0.00238668794607646,0.0
2025-02-27,0.0,-0.00334318015872418,0.0
2025-02-28,0.0,0.00533165704204198,0.0
2025-03-03,0.0,-0.0028778585930820796,0.0
2025-03-04,-0.00010894126053843605,-0.00387790985065196,0.2178825210768721
2025-03-05,9.053184402608784e-05,-0.0027418677443440996,0.0
2025-03-06,-0.0007691751753128872,-0.00294887774167742,0.0
2025-03-07,0.00018811002814320287,-0.0005791833113304801,0.25946650363504653
2025-03-10,0.00014091950270784647,0.002200145848298,0.0
2025-03-11,-6.070189486622191e-05,-0.00504839307122988,0.0
2025-03-12,-9.031719595222818e-05,-0.00195932766613626,0.0
2025-03-13,8.283740286005297e-05,0.0007544606570314197,0.25946650363504653
2025-03-14,0.001079538796300911,0.00035009504049617995,0.0
2025-03-17,0.000571390215283448,0.0026765279149193405,0.0
2025-03-18,-0.0003875248892935159,0.00017274639414212,0.0
2025-03-19,0.0013016766141334013,0.00531798798933702,0.0
2025-03-20,-0.000381357389387759,-0.00056729036402464,0.2178825210768721
2025-03-21,0.0,-0.00221304380070782,0.0
2025-03-24,0.0,-0.00233129492494064,0.0
2025-03-25,0.0,5.516237363503997e-05,0.0
2025-03-26,0.0,-0.004377985284710941,0.0
2025-03-27,-9.79791596245818e-05,-0.00168176878867454,0.1959583192491636
2025-03-28,0.0003475303299081965,0.00440170899042994,0.0
2025-03-31,-0.00022380114757156226,0.00316422986919484,0.0
2025-04-01,0.00039214377449149976,-5.8330365984840014e-05,0.20927478174867947
2025-04-02,-0.00089284824418367,0.0008921982998608,0.1959583192491636
2025-04-03,0.0028577338971688174,-0.0032643327940264284,0.0
2025-04-04,0.0032316228603668034,-0.00380110203901812,0.0
2025-04-07,0.0019014608554305049,-0.01599952177036296,0.0
2025-04-08,0.0008680694437759632,-0.0090952312440242,0.0
2025-04-09,-0.005643053300028574,0.0157227630121985,0.0
2025-04-10,0.003290586796202122,-0.01699657277338808,0.20927478174867947
2025-04-11,0.0,0.00192242921361774,0.0
2025-04-14,0.0,0.005996577686267319,0.0
2025-04-15,0.0,0.0033206414528924393,0.0
2025-04-16,0.0,0.0023977525938575,0.0
2025-04-17,0.0,-0.00010407831354241996,0.0
2025-04-21,0.0,-0.00925556190405366,0.0
2025-04-22,0.0,0.0035063585741656597,0.0
2025-04-23,0.0,0.0054832157775139,0.0
2025-04-24,0.0,0.00878035848067544,0.0
2025-04-25,0.0,0.00380375970036208,0.0
2025-04-28,0.0,0.00239327716088812,0.0
2025-04-29,0.0,0.00366235678684438,0.0
2025-04-30,0.0,-0.0049790274780244,0.0
2025-05-01,0.0,-0.006064696580750001,0.0
2025-05-02,-6.884672398264362e-05,-0.0024397063966727405,0.1376934479652872
2025-05-05,0.0007690703669665144,-0.0019057874935218,0.0
2025-05-06,-0.000457716952657478,0.00129049555630408,0.0
2025-05-07,-0.0005820513497545727,0.0017836131224016401,0.0
2025-05-08,0.001492558803519201,-0.00426381974847178,0.08519044509546608
2025-05-09,-0.00015168119629661143,0.00059863240053948,0.0
2025-05-12,0.0021271834354092676,0.00173913519559436,0.0
2025-05-13,0.000709160126701085,-0.00018147727948726,0.0
2025-05-14,0.0006029117940873038,-0.00437555229925898,0.0
2025-05-15,-0.0010489975119097193,0.00505869600309176,0.0
2025-05-16,-0.00034015777152223586,0.00150946807068254,0.1376934479652872
2025-05-19,-4.290727620959068e-05,-0.0008482138587204192,0.0
2025-05-20,-4.2928897907637585e-05,-0.00245916238075738,0.0
2025-05-21,-0.0006762243850476593,-0.009633140968347201,0.21428809471370958
2025-05-22,-0.0009499111462948788,0.00339142223244806,0.0
2025-05-23,-0.00037699051336123715,0.0006360028143673,0.0
2025-05-27,-0.002515307450065207,0.008001337534806299,0.08519044509546608
2025-05-28,0.0009248475504403202,-0.00194698744566838,0.0
2025-05-29,-0.0019832215299903605,0.00403999691833326,0.0
2025-05-30,-0.00032335302680851186,0.00177498561625856,0.0
2025-06-02,0.0027816599808338826,-0.007184039918434279,0.0
2025-06-03,0.00037744879993518125,0.00043779620758932004,0.0
2025-06-04,-0.0034786139832251274,0.006731809258450861,0.0
2025-06-05,-0.00014882234760230854,-0.0018281112419211401,0.0
2025-06-06,0.0026194792670259136,-0.0047803232920330205,0.21428809471370958
2025-06-09,0.0,0.0013662234544197997,0.0
2025-06-10,0.0,0.00288433132349506,0.0
2025-06-11,0.0,0.00175959534420472,0.0
2025-06-12,-8.86033921287185e-05,0.0047159901632871605,0.17720678425743702
2025-06-13,0.0010621973217462975,-0.00506612895961996,0.0
2025-06-16,0.00022376066164885592,-0.0019134052410372804,0.17720678425743702
2025-06-17,0.0,0.0032379629577118604,0.0
2025-06-18,-9.027223026847205e-05,0.00125313418201746,0.18054446053694412
2025-06-20,3.706469485655461e-05,0.0012137926465594201,0.2266265531994453
2025-06-23,3.3364991674502202e-06,0.00232487528996694,0.0
2025-06-24,0.00023822582576938186,0.00429549325703928,0.0
2025-06-25,-0.0005034551822904968,4.944507126959999e-06,0.4353070065569325
2025-06-26,0.001713062193942788,0.0035024641374031594,0.0
2025-06-27,-0.001626344242478734,-0.00243277578478384,0.0
2025-06-30,0.003047342901433623,0.0053312624920018,0.0
2025-07-01,-0.0007048514512150796,-0.004013124937390459,0.0
2025-07-02,-0.0014491425323515284,-0.0007828938462159599,0.18054446053694412
2025-07-03,-0.001453473410083556,-0.0020256474236904,0.0
2025-07-07,-0.0019915506032073564,-0.00520581022412042,0.0
2025-07-08,-0.0003902870358077332,-0.00149418003109054,0.24760501193555848
2025-07-09,0.0007629798303365298,0.0051441223953215594,0.0
2025-07-10,-5.854118316999079e-06,-0.00018903800822206007,0.20868045335748722
2025-07-11,0.0015028354677964226,-0.00540716303449412,0.0
2025-07-14,6.872546243535169e-05,-0.00015896970269846004,0.0
2025-07-15,0.0007687342808027767,-0.00395678860050536,0.24995949580043592
2025-07-16,0.00018054202179931716,0.0018678294727662997,0.0
2025-07-17,-0.0002860020986712705,0.0009656815013592401,0.0
2025-07-18,-0.00021955038479922533,0.00160765617164236,0.24760501193555848
2025-07-21,0.00020048601288435633,0.00365232043324516,0.2711263400004356
2025-07-22,-0.0011747004951139176,0.0027941144168491597,0.0
2025-07-23,0.0016845187483129156,-0.00162425954057176,0.0
2025-07-24,0.00011221232326571814,-0.00130155188346816,0.0
2025-07-25,-0.0014467586554940634,0.00255792554547254,0.0
2025-07-28,0.0016536467752060785,-0.0021454732058558998,0.0
2025-07-29,-0.00466226078622287,0.0059447360137842,0.2711263400004356
2025-07-30,-0.0004379783350528738,-0.00311891193773208,0.0
2025-07-31,0.00010323808811874845,0.00047864314276888,0.0
2025-08-01,-0.0013931092726522307,0.0019686543660816596,0.0
2025-08-04,0.000808964958653077,0.00247702142199412,0.24995949580043592
2025-08-05,0.0,0.00057494066766068,0.0
2025-08-06,-0.00012840631105027605,-0.00082144961800326,0.2568126221005521
2025-08-07,-0.00020709081942946956,-0.00104708130520904,0.0
2025-08-08,-0.0004922129245448665,-0.0018216440523614798,0.0
2025-08-11,0.00018169400374428967,0.00064000611546936,0.0
2025-08-12,0.0,1.7266123130080073e-05,0.0
2025-08-13,0.000766619507817025,0.00454131135429438,0.3343036307133487
2025-08-14,0.0004285078407527069,-0.0038330207934339404,0.0
2025-08-15,-9.120695936694207e-05,-0.00177134268311416,0.2568126221005521
2025-08-18,0.000609255578917932,-0.00141785905373672,0.0
2025-08-19,-0.0005188150868910491,0.00178522725874404,0.0
2025-08-20,-0.00015236716697549733,0.00043170669392504,0.0
2025-08-21,0.0012792407122168064,-0.00294454744629466,0.0
2025-08-22,-0.002629425060229255,0.007464805791932,0.0
2025-08-25,0.0008797260537332742,-0.0020446212798357,0.0
2025-08-26,-0.00024331135620024144,0.0011499289601550999,0.0
2025-08-27,-0.00012157879400282689,0.0005983954906538599,0.0
2025-08-28,-0.0005165046416753888,0.00198519493860644,0.0
2025-08-29,0.0012134248236024669,-0.00312710519554544,0.0
2025-09-02,0.0022834946818427577,-0.007329443033229119,0.0
2025-09-03,-0.0019926209395254952,0.00528275050202026,0.0
2025-09-04,-0.0022855763902464585,0.004800095666678279,0.0
2025-09-05,-0.0021792578438176663,0.005600939195820979,0.0
2025-09-08,-0.0011727823520994239,0.0040663158610327,0.0
2025-09-09,0.0004321643140098409,-0.00236209009274914,0.3343036307133487
2025-09-10,0.0,0.0024681710716006203,0.0
2025-09-11,0.0,0.0037158919418260397,0.0
2025-09-12,0.0,-0.0017598138641149001,0.0
2025-09-15,0.0,0.0026124211614957198,0.0
2025-09-16,0.0,3.2217333079360026e-05,0.0
2025-09-17,0.0,-0.0016650543878478999,0.0
2025-09-18,0.0,-0.0021371701893378803,0.0
2025-09-19,-0.00011426952267362453,-0.00032549863417249996,0.22853904534724903
2025-09-22,-0.0002330033671081759,-0.00105414278201324,0.0
2025-09-23,0.0001396631840080292,0.0018423158232562403,0.0
2025-09-24,0.0003493270444298991,-0.00252214837342012,0.0
2025-09-25,0.0007230892762622061,-0.00183878633906424,0.0
2025-09-26,-0.00042118458767575844,0.00099435669611848,0.0
2025-09-29,-0.000490475125575698,0.0034619998424861203,0.0
2025-09-30,0.00016314158502983464,-0.0010139116271820935,0.0
2025-10-01,0.0008162906305991394,-0.0015278515198024801,0.0
2025-10-02,0.00011703860901898314,0.00094829334535066,0.0
2025-10-03,0.0002810079983343038,-0.00131808801687366,0.0
2025-10-06,-4.6886361540042185e-05,-0.00258286130829516,0.0
2025-10-07,0.00025786680714147626,0.00141991787187622,0.0
2025-10-08,0.00021429206863743012,-0.0006590419902289446,0.22853904534724903
2025-10-09,0.0,-0.0019793989939329002,0.0
2025-10-10,0.0,0.00220086724069762,0.0
2025-10-13,0.0,0.00340541609948658,0.0
2025-10-14,-0.00018955143953184613,0.0019682886600092,0.3791028790636923
2025-10-15,0.00015047095083628537,0.0008684401760137999,0.0
2025-10-16,-0.0013547475753724481,0.0014515139581298602,0.0
2025-10-17,0.000524967086883458,-4.102266330989991e-05,0.0
2025-10-20,-0.0009257872227616483,0.0025387297986868,0.574894654177491
2025-10-21,-0.0016313314753525464,0.00075547823368626,0.0
2025-10-22,6.543027526383226e-05,-9.741634511010876e-05,0.0
2025-10-23,0.0023828567150404765,-0.00115652801942368,0.0
2025-10-24,-0.0011866864065006716,0.0017624634029624396,0.0
2025-10-27,-0.001984513842751722,0.00221963528139378,0.0
2025-10-28,-0.0008453319203249497,0.00023796455867585676,0.0
2025-10-29,0.005760858359073541,-0.00531094393104096,0.24525116323608281
2025-10-30,0.002632659296026754,-0.0034512678280593802,0.0
2025-10-31,0.0010193474459639894,-0.00152143025547316,0.3791028790636923
2025-11-03,0.0020080288423022135,-0.00666922248341144,0.0
2025-11-04,-0.0007346802846654475,0.00080061716716592,0.0
2025-11-05,0.0035918581159072906,-0.0029287422815720402,0.0
2025-11-06,-0.0031034106144323006,0.0037689641298165404,0.2779587859859775
2025-11-07,0.0001465237163159704,-0.00060127740917198,0.0
2025-11-10,5.940711354831185e-05,0.0013382163795980198,0.3296434909414082
2025-11-11,0.001104112558911063,0.00288269381081672,0.0
2025-11-12,-0.00027493603419430525,-0.0007912932868161399,0.0
2025-11-13,-0.0013760221601943098,-0.00493573849266412,0.0
2025-11-14,-0.0007543055789843907,-0.0018116515710259198,0.0
2025-11-17,0.00017648099948049464,-1.390705958179998e-05,0.0
2025-11-18,0.00012598610950548546,8.958648229937999e-05,0.0
2025-11-19,2.5170435059422134e-05,-0.00012030083056724784,0.0
2025-11-20,0.0003777336751841203,0.0011329602545066598,0.0
2025-11-21,0.0009807632143234775,0.0030653056977485798,0.0
2025-11-24,0.0008433558115214957,0.0034574812123732,0.5185272241098534
2025-11-25,0.0009420377667319366,0.0028638333665966407,0.0
2025-11-26,0.0003704129898904805,0.00239034828810002,0.0
2025-11-28,0.00019725238909573266,-0.0013024668822218398,0.0
2025-12-01,-0.0016998751360671627,-0.00920334661711662,0.0
2025-12-02,0.0003721703087625607,0.00115849533105434,0.0
2025-12-03,0.0003715954337358419,0.0018756285998732802,0.0
2025-12-04,-6.054887429137581e-05,-0.0017054988474358602,0.26949913296596156
2025-12-05,0.0002671448931185662,-0.00134367164399496,0.0
2025-12-08,3.9871434278801205e-05,-0.0023197077609316,0.0
2025-12-09,-0.0001406299448534213,-0.0007403974427526999,0.26949913296596156
2025-12-10,0.0008437423758434889,0.00371016612588698,0.0
2025-12-11,-2.4734768925358333e-05,-0.0005654279921562,0.0
2025-12-12,-0.00062860679545625,-0.0045387628985659,0.26794752473353944
2025-12-15,0.000516300058087623,0.000879135266207,0.0
2025-12-16,0.0005343077374642333,0.0020766779663679,0.0
2025-12-17,-0.0004728906783706717,-0.0009334469693605401,0.2405684381238759
2025-12-18,0.0006694002337130636,0.0023099215608326598,0.0
2025-12-19,-0.0012820545429166302,-0.004876731050087001,0.0
2025-12-22,-0.0002413065189604665,-0.00019033716563666004,0.26794752473353944
2025-12-23,0.0,0.00083459438525338,0.0
2025-12-24,0.0,0.0032589313520561,0.0
2025-12-26,0.0,-0.0008390159895210932,0.0
2025-12-29,0.0,0.00139947858194942,0.0
2025-12-30,0.0,-0.00036663475059553995,0.0
2025-12-31,0.0,-0.0033055719125311203,0.0
2026-01-02,-0.0001552387372138274,-0.00025189153261601994,0.31047747442765483
2026-01-05,0.0008737042108871386,0.0029869558852551594,0.0
2026-01-06,0.0,-0.00032009027794188,0.0
2026-01-07,0.00022484625854051146,0.0014025037175684802,0.0
2026-01-08,-0.0008706433755682877,-0.00161035368910694,0.0
2026-01-09,0.0011265553875968186,0.0028471573135668998,0.0
2026-01-12,-0.0005647977146275363,-0.0008479317349557199,0.4
2026-01-13,0.0006742731804433184,0.0010177592203887,0.0
2026-01-14,0.00039743229714401184,0.00202792059815288,0.7750372357601162
2026-01-15,-0.0010325621196633126,-0.0005565651022001399,0.31047747442765483
2026-01-16,-0.0006361568807521032,-0.00178431971785714,0.0
2026-01-20,-0.0014244475410121337,-0.00557932108220704,0.0
2026-01-21,0.0012417274685280002,0.0045334638309654,0.0
2026-01-22,-0.0003125237604790146,0.0015608907835952999,0.7750372357601162
2026-01-23,-0.00020422967033564,0.0006530738182742799,0.0
2026-01-26,1.5909551888803622e-05,0.00161814228573732,0.3768488922190327
2026-01-27,0.00022228175094852353,-0.00164608719162474,0.0
2026-01-28,-0.0005032193277540105,-0.0014713636962546202,0.0
2026-01-29,4.092945772064e-05,9.56749687695e-05,0.0
2026-01-30,0.00032076215548178504,-0.00101230522619062,0.0
2026-02-02,-0.0001432701830011228,-0.0048952249301021595,0.0
2026-02-03,-0.00040745204440295656,0.00028755036643534,0.0
2026-02-04,-0.0007132762686145434,-0.00149958985547872,0.4
2026-02-05,-0.0016263060984740435,0.00367315447580622,0.0
2026-02-06,-0.000225941976225117,0.0017616684314643802,0.0
2026-02-09,-0.000112932010236774,0.0005739498735472801,0.0
2026-02-10,-0.0010910907012222635,0.00305718664851546,0.0
2026-02-11,0.0006744290906892072,-0.0017815231761939801,0.3768488922190327
2026-02-12,0.0,0.0041701304407347,0.0
2026-02-13,0.0,0.0027738303336036,0.0
2026-02-17,0.0,0.00026772422576534576,0.0
2026-02-18,0.0,-0.00069582920874176,0.0
2026-02-19,0.0,0.00051719819393576,0.0
2026-02-20,0.0,-0.00029839823435722006,0.0
2026-02-23,0.0,0.00078282573151302,0.0
2026-02-24,0.0,-9.094247525630486e-05,0.0
2026-02-25,-0.00015731832235937933,0.0004909693644835599,0.31463664471875863
2026-02-26,-0.000698224608527067,0.0009058754673502,0.4
2026-02-27,0.00032197128081545655,0.00074875514461372,0.0
2026-03-02,0.004578581859654595,-0.007708195596052239,0.0
2026-03-03,0.001253988956768486,-0.00156411085487392,0.0
2026-03-04,-0.0014421014143209618,0.0008785670949555199,0.31463664471875863
2026-03-05,0.00173556109544856,-0.00384138416850976,0.0
2026-03-06,0.0018250095791895707,-0.0036015566114028,0.25115207799509875
2026-03-09,-0.0013659631456266863,0.00586739184977822,0.0
2026-03-10,-0.0003273938681659801,-0.00473124355971026,0.0
2026-03-11,-0.000498296482131394,-0.005982250635186199,0.4
2026-03-12,-0.0009324398480159831,-0.0048227383999485405,0.0
2026-03-13,-0.00020236303683681496,-0.0027258058412470004,0.0
2026-03-16,0.0008617151416386613,0.004767291371854521,0.25115207799509875
2026-03-17,0.0,0.0037752554551308596,0.0
2026-03-18,-0.00014474041317328533,-0.00500656618673732,0.2894808263465707
2026-03-19,-0.0017643110189605367,0.0034177495639523,0.0
2026-03-20,0.005492479540696331,-0.011529407177347701,0.0
2026-03-23,-0.0018887166789635112,0.005847893854819801,0.0
2026-03-24,0.0012733177417065728,-0.0030755227507574196,0.0
2026-03-25,-0.0027934821694212343,0.00466235799304232,0.0
2026-03-26,0.002433438223733181,-0.00688984121650694,0.0
2026-03-27,0.0015800295063135821,-0.0027116036445506,0.0
2026-03-30,-0.0038534325981078926,0.00539933058014496,0.0
2026-03-31,0.00022078682410127436,0.005442174424554221,0.15884614039410488
2026-04-01,0.0009549386320833531,-0.0031415258275421997,0.0
2026-04-02,-0.0012509126841788708,0.00354265136527158,0.2894808263465707
2026-04-06,-0.00024747767807171045,-0.00024807427035574006,0.0
2026-04-07,9.553767936864834e-05,0.00051053564749476,0.15884614039410488
2026-04-08,0.0,0.004287631135404921,0.0
2026-04-09,0.0,2.548489818860007e-05,0.0
2026-04-10,0.0,-0.0028365514858321797,0.0
2026-04-13,0.0,0.00323016242454892,0.0
2026-04-14,-8.948585513354565e-05,0.00343843579361384,0.1789717102670913
2026-04-15,6.509394476870973e-05,-0.00148816239611076,0.0
2026-04-16,0.0006438488632139968,-0.0029557161306587,0.37277075700104667
2026-04-17,0.000720795120501551,0.0052018971603283795,0.0
2026-04-20,-1.9413164710951816e-05,-0.0004431568390260267,0.0
2026-04-21,-0.0007181961502130097,-0.00362353397734142,0.0
2026-04-22,0.00027276312379853905,0.0017116611205891402,0.0
2026-04-23,-0.0004081991619648298,-0.0019795207439914403,0.19379904673395537
2026-04-24,0.0,0.0013812102076026201,0.0
2026-04-27,0.0,-0.00174288190483012,0.0
2026-04-28,-0.00013429143295840484,-0.00028060426984771996,0.2685828659168097
2026-04-29,0.0014983873102417827,-0.00484406100031858,0.0
2026-04-30,-0.00029640974409279847,0.0016249060380181801,0.0
2026-05-01,0.000616864652461773,-0.00257071063537964,0.0
2026-05-04,0.0007473936448948472,-0.00406190062352836,0.23640229707480737
2026-05-05,-0.0009162115001555695,0.0027610731737552803,0.5584628073631523
2026-05-06,-0.0005227414270251182,0.00463196494566284,0.0
2026-05-07,-0.00018333891508319125,-0.0037601518365582994,0.0
2026-05-08,-0.00012221464769963605,0.00368153242480264,0.5545219253905043
2026-05-11,-0.0011262933907508917,-0.00304069815715866,0.0
2026-05-12,-0.001224046180593544,-0.0031638389771577805,0.0
2026-05-13,0.0002646738078284176,-0.00015527357986334003,0.0
2026-05-14,-0.000348064143001581,-0.00018163098790889998,0.0
2026-05-15,-0.0028368317061172516,-0.00730502221499756,0.0
2026-05-18,-0.0002526920609347785,-0.00032449009402143997,0.0
2026-05-19,-0.0018921006859899028,-0.00402914915428316,0.0
2026-05-20,0.003459694926207626,0.00740198938125024,0.22047524179856598
2026-05-21,0.0009271033184171049,0.00165744303047808,0.0
2026-05-22,0.0007431229433100567,0.0017945532345689601,0.0
2026-05-26,0.002427076819020822,0.0036373995893459396,0.0
2026-05-27,0.00026384796350717167,0.0007003341468240201,0.2646419839441616
2026-05-28,0.0007413408087498407,0.0024992231980478403,0.0
2026-05-29,0.00036932341547733983,0.00086081090139096,0.0
2026-06-01,-0.0022292559920933895,-0.00464042661999034,0.0
2026-06-02,1.6258242752882234e-05,0.0006971384465554249,0.45687753887337335
2026-06-03,-0.00011284235931253014,-0.0027575141709284203,0.2256847186250603
2026-06-04,0.00042486260079887763,0.00188282047342326,0.0
2026-06-05,-0.0011308308874728883,-0.00514775777590294,0.0
2026-06-08,0.00031254509253928565,-0.0008147173882307599,0.0
