ticker,threshold,direction,horizon,n_events,mean_fwd_ret_pct,median_fwd_ret_pct,ci_low_pct,ci_high_pct,t_stat,p_value
AGG,1.5,discount,1,36,0.04555514187084121,0.0768072845602652,-0.07178418429778062,0.15818408504075096,0.7453224948573756,0.4610529561071673
AGG,1.5,discount,3,36,0.011887349738001146,0.02528377260636594,-0.13079754078404318,0.17406243860895204,0.14395142039094988,0.8863644982362434
AGG,1.5,discount,5,36,0.054353503018324104,-0.05050299079715215,-0.17335572345235764,0.3083474816526671,0.45839841570687495,0.6494999492126508
AGG,1.5,discount,10,36,-0.11999880367036253,-0.09964970168572784,-0.44527938256958755,0.2197520175939882,-0.7036026368056031,0.48633500857078327
AGG,1.5,discount,20,35,-0.4067773911279336,-0.16023638974448362,-0.8810085085287349,0.08028015769223333,-1.608708695523534,0.116927640597011
HYG,1.5,discount,1,34,-0.00864387234332732,0.024691923165032215,-0.14126050207710203,0.13003405298499182,-0.1245214864171762,0.901657826746482
HYG,1.5,discount,3,34,-0.17116238762724814,-0.08544855386286021,-0.3716472812481987,0.0036712344016752983,-1.6867702800932196,0.10108027204870654
HYG,1.5,discount,5,34,-0.04472547474124831,-0.01910382128240129,-0.28606198871885147,0.18727622285848228,-0.354330358994282,0.7253455493687578
HYG,1.5,discount,10,33,0.21734275163347785,0.03728409102439212,-0.1017613427615838,0.5393964878565661,1.2742223790042146,0.2117610504489402
HYG,1.5,discount,20,32,0.2516293609857022,0.4612109897318306,-0.31760143035367544,0.860336165527718,0.8109277327416626,0.42358960626026676
JNK,1.5,discount,1,35,-0.08719987629657437,-0.054392528654234606,-0.25021955392448686,0.0752659837508606,-1.0628740743003093,0.29533027763369285
JNK,1.5,discount,3,35,-0.1228377146956142,-0.17594420256635823,-0.32455095545038753,0.09005163781350116,-1.180677167083012,0.24592499890360295
JNK,1.5,discount,5,35,0.12445167472162559,-0.042324531396897846,-0.20461206796980164,0.4736240624248114,0.7386466712828692,0.4651902680734835
JNK,1.5,discount,10,35,-0.03992275216289912,-0.08779831940655125,-0.4591318154894876,0.41334062180662934,-0.1751118648444158,0.8620304196899518
JNK,1.5,discount,20,35,-0.06533802051792975,-0.052773669401373624,-0.6756372094194654,0.5760683414748231,-0.19904466733292503,0.8434133551338282
LQD,1.5,discount,1,35,0.05356426115545654,0.01834917728573693,-0.11467229241751069,0.22753098477159153,0.6365837840683434,0.5286588468278096
LQD,1.5,discount,3,35,0.026208878723951327,0.0,-0.2906199718356868,0.34893593333031003,0.16484291753646343,0.8700437959365787
LQD,1.5,discount,5,35,0.09318826174062465,-0.027666493786260293,-0.2838959857899858,0.4767943835329234,0.4879737315980354,0.6287006237278219
LQD,1.5,discount,10,35,0.06912141684535689,0.3482448406891159,-0.4979414116976417,0.617525451085072,0.2303038416039161,0.8192357755687583
LQD,1.5,discount,20,35,-0.14980967545490387,0.11113746024900006,-0.8330393753459974,0.5062401800586441,-0.4176662938081426,0.6788170570051926
TLT,1.5,discount,1,32,0.16154787564632672,-0.07950431002997638,-0.15721739358997888,0.5357681686119344,0.8994727436947738,0.37533509667952314
TLT,1.5,discount,3,32,-0.4241739941499907,-0.6464743801771144,-1.0146012398528723,0.14912536072548652,-1.4077321963187044,0.16915958110552856
TLT,1.5,discount,5,31,-0.4728917295900909,-0.15978017034916636,-1.1906884841153649,0.2659332026830698,-1.2840899978697395,0.20893923591127744
TLT,1.5,discount,10,31,-0.8718121564213847,-0.8307848528310791,-2.0721376923161916,0.30611641427605946,-1.4932752097596582,0.14580883385506405
TLT,1.5,discount,20,31,-0.971982376636539,-1.3036276020424453,-2.3892592372114176,0.6394056871585396,-1.3338210195515197,0.19230102105384225
ALL,1.5,discount,1,172,0.031037086851281887,-0.004726014108535903,-0.05203293521744523,0.1205462260919526,0.689124591508523,0.49167885736839156
ALL,1.5,discount,3,172,-0.12992531198003662,-0.10384029037496245,-0.2862865760048012,0.014083234817928562,-1.7750221374890567,0.07767322498396524
ALL,1.5,discount,5,171,-0.038632665927817736,-0.04129766185760886,-0.22355409546900745,0.1479015863134322,-0.419451976737747,0.6754154131510511
ALL,1.5,discount,10,170,-0.13618746890238342,-0.04769413511581111,-0.4159635975408738,0.14865991480656743,-0.9617192444552305,0.33756464418942195
ALL,1.5,discount,20,168,-0.26099221531379224,-0.11511205657391277,-0.655413294193932,0.10653118886823378,-1.401195880489339,0.16301109746836603
AGG,1.5,premium,1,38,0.034533074071793186,0.005304639396519484,-0.07298045192130727,0.14413894244811915,0.6153473878631714,0.5420919862387638
AGG,1.5,premium,3,37,0.04947652656652877,0.017510743027870923,-0.16195156427887838,0.25786709371538613,0.4420199031881659,0.6611188929595044
AGG,1.5,premium,5,37,-0.09959177364778615,-0.26859723970404925,-0.40535188582877124,0.20427033773000552,-0.6284002182378996,0.5337086215971769
AGG,1.5,premium,10,37,-0.3940217986537824,-0.5121376770114483,-0.7738813432484187,0.04237141297757187,-1.8921921656744216,0.0665294537012984
AGG,1.5,premium,20,37,-0.553183446437941,-0.45716465107957793,-1.1476942448020042,-0.01896214592415547,-1.8704240669925034,0.06957258780681844
HYG,1.5,premium,1,33,-0.22828330905136818,-0.1384526300526101,-0.4045226358474963,-0.07483827518919912,-2.702237287124803,0.010927084865666833
HYG,1.5,premium,3,33,-0.3066687795385073,-0.1931797374378541,-0.567052092997916,-0.05953247112988361,-2.379186813632868,0.023483694475323502
HYG,1.5,premium,5,33,-0.4493226493581529,-0.45311595239718727,-0.763158376841755,-0.16147284454458943,-2.9091546155252304,0.006540895887165863
HYG,1.5,premium,10,33,-0.6123631476423367,-0.38692608257743233,-0.9697916630072804,-0.24824457911910067,-3.345600808129602,0.0021078628349335713
HYG,1.5,premium,20,33,-0.6628873225264855,-0.5731361478060637,-1.248155646628119,-0.12030044778082065,-2.2115833227864146,0.03425779461028766
JNK,1.5,premium,1,36,0.1120932588511379,0.08583562527261224,-0.0672876833131465,0.29195568809179756,1.240625503531571,0.2229962964899652
JNK,1.5,premium,3,36,0.01063873500984358,0.19797811116775144,-0.3015473187863897,0.31606441524008677,0.0661320017591134,0.9476490516667586
JNK,1.5,premium,5,36,-0.08343627801111629,0.20021489592407793,-0.4746627145114847,0.274025936475569,-0.4144354858025515,0.6810843361740526
JNK,1.5,premium,10,36,0.11461783362169747,0.09193617983519475,-0.3691782497806417,0.6126150352569438,0.45868258576122156,0.6492978356551625
JNK,1.5,premium,20,36,0.39512207835245466,0.2214388791665578,-0.09112678263655874,0.8626677262454671,1.5810375897231077,0.12286549001481654
LQD,1.5,premium,1,37,-0.20270284732146218,-0.21448748651835547,-0.35436642945331,-0.06690336032940473,-2.62377566270623,0.012675537981048642
LQD,1.5,premium,3,37,-0.15984398610309683,0.009299122775652258,-0.4416748917665649,0.11326881787477934,-1.1092692879727464,0.27466940900626685
LQD,1.5,premium,5,37,-0.23498161192504174,-0.276653490412726,-0.5659033466645276,0.07542936407348147,-1.4192760323683753,0.16441972711574082
LQD,1.5,premium,10,36,-0.5356712898982747,-0.40176683274344427,-0.9980464338536015,-0.08399134019414405,-2.2601823026312347,0.03013650752035197
LQD,1.5,premium,20,36,-0.668606103329374,-0.7260307999446824,-1.357553187422575,0.0329407317415927,-1.8253828599183417,0.07648659221408402
TLT,1.5,premium,1,34,0.05088236085745614,-0.14438357186172812,-0.28806089798778167,0.3784804284908091,0.27858785214368564,0.782299460683325
TLT,1.5,premium,3,34,-0.23538222957261812,-0.03241396475198166,-0.7622567044713803,0.29287522265577803,-0.8643380034505745,0.3936417690254074
TLT,1.5,premium,5,34,-0.290369292284436,-0.2845290990183158,-1.0084545073102489,0.39053838168449295,-0.7817095935824824,0.4399580775934307
TLT,1.5,premium,10,34,-0.16667616235021163,-0.3433671886072964,-1.0813893480839176,0.7440671470781663,-0.3499018894717374,0.7286357074055302
TLT,1.5,premium,20,34,-1.0734206087494829,-1.066710892520767,-2.3158456122108695,0.20851249208573439,-1.5500061961013507,0.13067839879039148
ALL,1.5,premium,1,178,-0.0446951693655429,-0.07383675815960111,-0.1427534769300864,0.05175415391196907,-0.940859320165053,0.34805923409566836
ALL,1.5,premium,3,177,-0.12329755408326784,-0.01102649799515909,-0.27761008609954446,0.023685062764744184,-1.6173478369059866,0.1075940833052848
ALL,1.5,premium,5,177,-0.22645833130556323,-0.17281741261160333,-0.42135053081986273,-0.023875085828445834,-2.2918418032344694,0.023099072323945043
ALL,1.5,premium,10,176,-0.3159755930014263,-0.2728171972084359,-0.5645901786585428,-0.0737804310895333,-2.456782227678128,0.01499425890057611
ALL,1.5,premium,20,176,-0.5038908793081214,-0.3373717491574779,-0.8320555263901284,-0.15284922850771457,-2.743163087955425,0.006718576598569269
AGG,2.0,discount,1,18,0.018971087880044944,0.03657727681743994,-0.11788459408641858,0.15053289884306453,0.2703355889525703,0.790156642372593
AGG,2.0,discount,3,18,-0.05789540625410175,0.00021609970606295548,-0.3587394646545415,0.22062919218814128,-0.3802882188197419,0.7084411480097685
AGG,2.0,discount,5,18,0.1749932596136526,0.0050228054576051395,-0.17231558387762083,0.5471191291748518,0.8918958714124285,0.38489936382574386
AGG,2.0,discount,10,18,0.06337026686792122,0.10981998947768301,-0.4206411074690085,0.5345214774275522,0.2456068389121417,0.808927205457866
AGG,2.0,discount,20,17,-0.12095308694816578,0.27649425381204296,-0.8457992368233848,0.6668413795783477,-0.30691600864700525,0.762865647752386
HYG,2.0,discount,1,19,-0.09398946826876603,-0.05039168167220165,-0.26809482089554565,0.07283827015084267,-1.0007452876949603,0.3302141770117255
HYG,2.0,discount,3,19,-0.18190366241153522,0.0,-0.5143235359253857,0.12819680054421112,-1.0692195532232187,0.29910031703170703
HYG,2.0,discount,5,18,-0.07148864391926586,-0.22620783194675642,-0.3674816314289444,0.24840488903610014,-0.437729980604986,0.6670926867842601
HYG,2.0,discount,10,17,-0.014598398297695787,-0.05611800815429335,-0.2623548540805765,0.21688376729336953,-0.1185262227720714,0.9071260333705177
HYG,2.0,discount,20,17,0.0800646405067182,0.12531136628683992,-0.8817131112599118,0.7777288128892779,0.1913455098499566,0.85066200566622
JNK,2.0,discount,1,21,-0.11140901327363605,-0.06632496042556779,-0.31045074337970874,0.06817148150645075,-1.1105645317768205,0.2799298052388076
JNK,2.0,discount,3,21,-0.19059869704868018,-0.0824081474513183,-0.5552247453250633,0.1121492315865317,-1.0793529939480573,0.2932758206401914
JNK,2.0,discount,5,21,-0.05721760762819315,0.07213488681347968,-0.4311068597389631,0.3148895349052277,-0.29465639163565416,0.7712930921388121
JNK,2.0,discount,10,21,-0.4785009492812459,-0.31932960665550514,-0.9011342286080599,-0.07790744795197056,-2.2376741215803126,0.03678347946620271
JNK,2.0,discount,20,21,-0.7115600794611513,-0.30636787987443626,-1.2649062405753526,-0.17473920249497313,-2.457948779634825,0.023222316845646046
LQD,2.0,discount,1,18,-0.180948685536319,-0.22381367537804842,-0.3089656200663753,-0.051839832209883564,-2.591673496080256,0.019004404019723517
LQD,2.0,discount,3,18,-0.07570019217949162,-0.14196544215320794,-0.4919929802516869,0.3356784501473598,-0.3399989723048999,0.7380220697000387
LQD,2.0,discount,5,18,0.21615842585284645,0.23962561531799542,-0.2097072874464605,0.6541204421588479,0.9285631662344949,0.36611323358536796
LQD,2.0,discount,10,18,0.29330988315995404,0.37733847757331906,-0.30305069126252454,0.9078129822535379,0.8996225396931193,0.38088805688216953
LQD,2.0,discount,20,18,-0.13220736643363984,-0.135032879448016,-0.9913718656405066,0.7905606720370387,-0.2632698612934521,0.7955069732296414
TLT,2.0,discount,1,11,-0.028686853398961588,0.1280267838638327,-0.552656724791989,0.4906806775579127,-0.10780334790141259,0.9162839697866701
TLT,2.0,discount,3,11,0.17302330032361993,-0.5702954774347679,-1.2840166046684687,1.8191897149782021,0.2147358891759094,0.8342890508094238
TLT,2.0,discount,5,11,0.7226698520996303,0.9210292611133708,-0.8463846114967353,2.194362489836818,0.9250273035003159,0.3767343721937298
TLT,2.0,discount,10,11,0.9493165550949055,0.5264192882514562,-0.9038642135821664,2.9065468539902017,0.9593376639076315,0.36000896758387363
TLT,2.0,discount,20,11,0.585922030207452,0.40943474502666,-1.6652399977947854,3.0504951536345404,0.476102865903884,0.6442320297612424
ALL,2.0,discount,1,87,-0.08455794621901634,-0.062363496592032774,-0.17523190600235428,0.006357347045572757,-1.7031462239257393,0.0921522537340073
ALL,2.0,discount,3,87,-0.09149662864467027,-0.036701455465038,-0.33571470967677464,0.16275327544092133,-0.7291035657765326,0.4679193227684037
ALL,2.0,discount,5,86,0.14536899256690786,0.06756344585567842,-0.10186340563936905,0.40462691342757146,1.1117645776173886,0.2693740764585756
ALL,2.0,discount,10,85,0.07724743647739674,-0.08779831940655125,-0.244012190389572,0.4150978775734848,0.46180016897487236,0.6454183917004823
ALL,2.0,discount,20,84,-0.13776732763943253,-0.052150979015441745,-0.5805281026472512,0.30653931629310166,-0.5883189860736474,0.5579157360629473
AGG,2.0,premium,1,16,0.011144820773792419,0.03564854140241103,-0.18603372852250963,0.2144318792138427,0.10541405490856617,0.9174440086074469
AGG,2.0,premium,3,16,-0.020788050094655564,-0.17262642984636756,-0.4185370363050166,0.3681526441871627,-0.10262390703822738,0.9196208609542643
AGG,2.0,premium,5,16,-0.2628235445010153,-0.2651524231981339,-0.6295893770224462,0.1182774572756638,-1.3078987551899297,0.21059785793898642
AGG,2.0,premium,10,16,-0.6220417526721734,-0.5738999770064868,-1.4039519309219581,0.08144277473679316,-1.5664638679453258,0.1380897191439724
AGG,2.0,premium,20,16,-1.102106070107877,-1.0442185574409402,-2.0162739885980923,-0.17537621117090915,-2.3180589177417787,0.03498043923509854
HYG,2.0,premium,1,12,-0.2767418017234827,-0.19778762530034966,-0.473829957582758,-0.11649644897559755,-2.9110027410118335,0.014163598270936379
HYG,2.0,premium,3,12,-0.35320815613303636,-0.4222972224271815,-0.7129854170762592,0.07369705503845303,-1.7143123299212082,0.11447138255827394
HYG,2.0,premium,5,12,-0.8079175728141014,-1.1242548307972,-1.1701882776427073,-0.3793444551950634,-3.9046875546083544,0.00245668243569459
HYG,2.0,premium,10,12,-1.2046003697618843,-1.1115454234982947,-1.887941811308873,-0.5483362923985421,-3.2990337979115365,0.007090135578291522
HYG,2.0,premium,20,12,-0.6970005032361254,-0.5960588120705768,-1.6778234747075536,0.27755691194376825,-1.3159603875116972,0.21495192393634158
JNK,2.0,premium,1,17,-0.09754614351727714,0.06198735202627148,-0.31365221375182234,0.08047818775800555,-0.92040375496019,0.37103133360295365
JNK,2.0,premium,3,17,-0.4230540336706902,-0.11213475895965885,-0.9022040651516269,0.02876486119502219,-1.7059134025544513,0.10735693594152232
JNK,2.0,premium,5,17,-0.19696184712750023,0.1652759695738304,-0.9543283772502795,0.5307891713344843,-0.5023890365847853,0.6222376533639773
JNK,2.0,premium,10,17,0.017487958736083678,-0.30621038038169957,-0.5240933055978358,0.5517007240882477,0.06143886076525787,0.9517706333200467
JNK,2.0,premium,20,17,0.16589221792088868,0.21144368895233967,-0.4344194523305729,0.7856609509465994,0.5224859210428925,0.6084912574981901
LQD,2.0,premium,1,14,-0.010505827884118737,-0.049657393218560664,-0.2565170685250486,0.2326388076613109,-0.08019204890115492,0.9373058874736446
LQD,2.0,premium,3,14,-0.13045731646552888,-0.30534589638077647,-0.38171758760995844,0.16689346729521953,-0.9056787708071344,0.38158534009810985
LQD,2.0,premium,5,14,-0.15595859189060288,-0.4001833326705062,-0.7639944487447045,0.527515997354882,-0.4401726426820312,0.6670419110873488
LQD,2.0,premium,10,14,0.31656365898444944,0.2729623514488799,-0.6343529980506272,1.2930402687525266,0.6384322605608379,0.534278409779675
LQD,2.0,premium,20,14,0.6450071998013063,-0.3673094179442393,-0.7280438462978701,2.1943177031807495,0.801101510863129,0.4374702869774842
TLT,2.0,premium,1,14,0.011675714041601124,0.2800282173673674,-0.546101471277841,0.43925809385078013,0.045981450036681276,0.9640238811293353
TLT,2.0,premium,3,14,0.23591868294612273,0.0570557378939518,-0.40650843829673916,0.8657391354518059,0.6957717317874593,0.4988221341743213
TLT,2.0,premium,5,14,-0.04702124048129625,-0.12522980891606084,-0.9577015531030989,0.7775389565642143,-0.09966839333283868,0.9221281901487264
TLT,2.0,premium,10,14,0.17527442931200962,-0.28890192630425804,-1.398271842592253,1.7712991847890651,0.20511880040293648,0.8406561606360687
TLT,2.0,premium,20,14,0.10953085765655265,-0.3037743507464885,-1.226316156383051,1.5773595901776707,0.14725576568993526,0.8851894206812585
ALL,2.0,premium,1,73,-0.06554096605328867,-0.05690571320684512,-0.20320064116843345,0.05772057055486883,-1.000352756612936,0.32049001138241934
ALL,2.0,premium,3,73,-0.14091186461348418,-0.1310789105208099,-0.3418660482790022,0.0846216941254626,-1.3080609844982112,0.19501345731114622
ALL,2.0,premium,5,73,-0.2752089950706788,-0.31479857518458276,-0.5882788411941074,0.028222681586733,-1.7849619898490905,0.07847952497459296
ALL,2.0,premium,10,73,-0.23595676637306215,-0.30621038038169957,-0.6907368891139872,0.19018262899476898,-1.0287606170400374,0.30703585088627877
ALL,2.0,premium,20,73,-0.17279455686978637,-0.27335896754366873,-0.6577810020536234,0.3428456077342336,-0.6539880153082201,0.5152029700187883
AGG,2.5,discount,1,6,-0.008990706662916532,0.0814417410173851,-0.2764219955267525,0.22463316420152277,-0.06396494685200149,0.9514766568157288
AGG,2.5,discount,3,6,-0.18036391903002436,-0.05585352438857161,-0.7666063951342801,0.324937561638171,-0.5884739978080926,0.5817909671933187
AGG,2.5,discount,5,6,-0.045545999535338375,0.010019362101898466,-0.601136198798154,0.4128417577084191,-0.16620695340894406,0.8745060395386305
AGG,2.5,discount,10,6,-0.16010942175342752,-0.00011720042285001675,-0.893335155416127,0.5528266629058378,-0.37552460635438545,0.7226743789245553
AGG,2.5,discount,20,6,-0.5082155584757313,-0.3428339652871648,-1.9827683031998198,0.9165226329205415,-0.6328474879464183,0.5546420884440386
HYG,2.5,discount,1,6,-0.24438965543321922,-0.2352335679840889,-0.48687844582058587,-0.013648273449774777,-1.9405350519274003,0.10999543751845231
HYG,2.5,discount,3,6,-0.47000570769187844,-0.1535804449628253,-1.151730380088313,0.1162679529471559,-1.316626969951148,0.24508151643966816
HYG,2.5,discount,5,6,-0.28521899474961787,-0.30209526255433605,-0.7473944313654255,0.1881091842132544,-1.0323147891785274,0.3492481961089082
HYG,2.5,discount,10,5,-0.12451151262895976,0.1560098146628386,-0.6203058656279545,0.38057585606743327,-0.42659882442016245,0.6916288346527595
HYG,2.5,discount,20,5,-0.293296274550352,0.5304346644690039,-2.9676955677359818,1.616383503909531,-0.22660457823530555,0.8318405264354419
JNK,2.5,discount,1,7,-0.1081833497837224,-0.08606324773191565,-0.3039233904958131,0.05657837003758706,-1.047840298039989,0.335075499216459
JNK,2.5,discount,3,7,0.07640765030493427,0.18867956215591342,-0.17111483176132639,0.33172793480021456,0.5600882998798841,0.5956955699488895
JNK,2.5,discount,5,7,-0.027321501245484,-0.03169443086449286,-0.5739073977756349,0.43249834567172335,-0.10198449972263773,0.9220918895038014
JNK,2.5,discount,10,7,-0.2484575116782493,-0.14370703375057303,-0.778770338926945,0.34964848149270483,-0.8093449504540068,0.4492131485444512
JNK,2.5,discount,20,7,-1.0778108222279268,-1.6697396286190047,-1.9039957282276938,-0.2561310630329295,-2.2721278299970122,0.06348198587733493
LQD,2.5,discount,1,9,-0.039570798048301395,-0.2003776707085847,-0.2552693169988712,0.20507726982597319,-0.30985854348066916,0.7645862829027901
LQD,2.5,discount,3,9,-0.018253452823176662,-0.009788741632987819,-0.5246600782493438,0.4872565332915026,-0.06580070851966636,0.9491511378973478
LQD,2.5,discount,5,9,0.4776237298851016,0.5830857768371223,-0.20836155750347343,1.0903748351048554,1.3224905143259844,0.2225601814268485
LQD,2.5,discount,10,9,0.2496165203688758,0.8716438170997654,-0.7317764983261623,1.1652868094260533,0.4538984597503144,0.6619623773362124
LQD,2.5,discount,20,9,0.23546108085962125,-0.23854896039258167,-1.4854573607609545,2.2915197886809877,0.22529004108223993,0.8274021087406158
TLT,2.5,discount,1,6,0.3409542098492554,0.0834752681583284,-0.43887663619381867,1.1609694514646183,0.7719478918231378,0.4750298901094058
TLT,2.5,discount,3,6,1.1345645451552033,1.6103678663519139,-0.7992012392655642,3.076411956641544,1.0929775110782893,0.3242440703298911
TLT,2.5,discount,5,6,1.2273579239597432,2.6763026113728494,-1.0537575811789621,3.266708187362951,1.0090149622699593,0.35927449266021233
TLT,2.5,discount,10,6,2.0725661464217655,2.5000001902421354,-0.5554197375799281,4.922471776979705,1.3110759267436403,0.24681268189504504
TLT,2.5,discount,20,6,2.7879588234809405,2.5693972537936927,-0.46976503585690993,5.77945901925819,1.6445774385516856,0.16097704515753442
ALL,2.5,discount,1,34,-0.017293457188295645,-0.09760819040037227,-0.17878243731588817,0.1894627645237293,-0.18613447067657876,0.8534788036831236
ALL,2.5,discount,3,34,0.09634535256840451,0.1705179586370953,-0.2869404683184346,0.5292198387030232,0.4381055341139931,0.6641642940976592
ALL,2.5,discount,5,34,0.27902707759694845,0.010019362101898466,-0.21499930847899804,0.7725646042874347,1.1148220519810232,0.2729800568593498
ALL,2.5,discount,10,33,0.34422814807385954,0.1560098146628386,-0.29055899677663366,1.04214155133218,0.9775317252097967,0.335638652106166
ALL,2.5,discount,20,33,0.20565006634607877,-0.040223623706570066,-0.7847453381115933,1.2221536983437478,0.39724126934186715,0.693826855010246
AGG,2.5,premium,1,6,0.015608494298398798,0.006267061759346326,-0.17138411988147179,0.21138963660055263,0.14578657359389652,0.8897849806498229
AGG,2.5,premium,3,6,0.2510665907337376,0.12863421022218935,-0.0470716077671995,0.6521892337228812,1.2362289491035408,0.2712768933072814
AGG,2.5,premium,5,6,-0.20670402718655315,-0.08131969293675434,-0.8168635676293575,0.21411708077579106,-0.6940296528765121,0.5185809404665432
AGG,2.5,premium,10,6,-0.4576952961264887,-0.8000811796239848,-1.2067664337443937,0.45096624767780685,-1.0177780077347824,0.3554758204670975
AGG,2.5,premium,20,6,-0.9730254545985159,-0.9497785229713118,-2.0865048961735533,0.2073401210195291,-1.4883937749094465,0.196814934261744
HYG,2.5,premium,1,4,-0.1362487225354786,-0.13417667385238752,-0.30594372896310673,0.031374235209058465,-1.3725631659997217,0.26350104185426204
HYG,2.5,premium,3,4,-0.5041732792186532,-0.4903771922799227,-0.6679899700751002,-0.32852640177431225,-5.179143321218204,0.013972608049979521
HYG,2.5,premium,5,4,-0.6635689704424796,-0.6430977376375935,-1.1587854319143749,-0.18882374177547068,-2.4039422438660303,0.095535333975424
HYG,2.5,premium,10,4,-1.1185082154292232,-0.7988213144752732,-2.381086918405531,-0.04379375678614794,-1.5427757289731732,0.2205634663130236
HYG,2.5,premium,20,4,-0.9175060432844356,-0.7162614798869926,-2.5931683068057874,0.5569116568394733,-0.9608156140834032,0.4075242871277977
JNK,2.5,premium,1,3,0.2658336824297244,0.4302161800479487,-0.08788640365904321,0.45517127090026754,1.5018283779185468,0.27197616693564663
JNK,2.5,premium,3,3,0.5240521548958637,0.5610233645056084,-0.24134664172955622,1.2524797419115385,1.214133235045379,0.34860567565028044
JNK,2.5,premium,5,3,0.09225866038305255,-0.032958449135667145,-0.31479857518458276,0.6245330054694076,0.33151309454910644,0.7717716158620945
JNK,2.5,premium,10,3,-0.07107785918356221,-0.3357814108887358,-0.6245410814664787,0.7470889148045279,-0.17025053033271553,0.8804776759401637
JNK,2.5,premium,20,3,0.489613013245153,0.07409727312344128,-0.2526870314453977,1.6474287980574154,0.8347428011133853,0.4916899792624264
LQD,2.5,premium,1,4,0.45207201438973443,0.5200181620215294,-0.017333421422779938,0.8540542013173379,1.834304881178462,0.16396495604087521
LQD,2.5,premium,3,4,-0.5684926104944393,-0.30534589638077647,-1.1364126325606376,-0.2637193025419038,-2.0134074617361177,0.13752949637523743
LQD,2.5,premium,5,4,-0.5769560748097313,-0.5214050507524604,-0.7745725161931131,-0.3808841191824397,-4.651500671784806,0.018739984796557415
LQD,2.5,premium,10,4,0.06501841043018708,-0.0754877951357702,-0.8877906467014307,1.0178274675618049,0.1096787167344409,0.9195893590024014
LQD,2.5,premium,20,4,0.6932016844330063,0.3695837562512294,-1.3607146177765983,3.070735914824388,0.5227905203934415,0.6372737566462187
TLT,2.5,premium,1,8,-0.6600859650241333,-0.6538015150307608,-1.490287621864451,0.1541865921229414,-1.4623744387750326,0.18703458819473473
TLT,2.5,premium,3,8,-0.19835162053300492,0.25882336287652574,-1.1218149721379747,0.6104163311655834,-0.4104732770800704,0.6937318038429406
TLT,2.5,premium,5,8,-0.10886044480089008,0.4436604591987692,-1.6102469236727042,1.043812401714979,-0.1426100979096106,0.8906161924905044
TLT,2.5,premium,10,8,-0.5877581691597646,-1.215044697891643,-2.5973749650826052,1.5529466286362192,-0.505520334194401,0.6287188621372621
TLT,2.5,premium,20,8,0.3489253864217265,0.00827280897310323,-1.910634839657081,2.8687563965153093,0.2639940186353875,0.7993877726015612
ALL,2.5,premium,1,25,-0.1250497015878591,-0.039691323687107705,-0.4547849477002464,0.16753427551979536,-0.7431552561172188,0.46460075634122844
ALL,2.5,premium,3,25,-0.1119568205610557,-0.24134664172955622,-0.4708195990561949,0.2086049010076511,-0.6129827064662773,0.5456533185568453
ALL,2.5,premium,5,25,-0.27185727685544503,-0.14859347338361806,-0.7412402565366676,0.15446889679197873,-1.0735288283065134,0.293709634842564
ALL,2.5,premium,10,25,-0.4750171971033552,-0.6245410814664787,-1.2701092623019816,0.2955787125956455,-1.1828993370209187,0.24843512627663525
ALL,2.5,premium,20,25,-0.09900512127550165,-0.2526870314453977,-1.029598591399639,0.9087436023936583,-0.19343920361231165,0.8482428075403804
