threshold,direction,day,mean_z,ci_low,ci_high,n_events
1.5,discount,-5,,,,168
1.5,discount,-4,,,,168
1.5,discount,-3,,,,168
1.5,discount,-2,,,,168
1.5,discount,-1,-0.8913938388262634,-1.4790666587071537,0.05240448744622002,168
1.5,discount,0,-1.825915209548322,-2.6300847386068806,-1.5088412435380696,168
1.5,discount,1,-1.4507024482499922,-2.702204860001143,-0.1749392621711346,168
1.5,discount,2,-1.2061322252768651,-2.8193078968201464,0.35327891733655026,168
1.5,discount,3,-1.0443161284983842,-2.555925117017105,0.7659191901453608,168
1.5,discount,4,-0.9036871357049728,-2.7283697485448206,1.2806201382071118,168
1.5,discount,5,-0.75247251367958,-2.4105139011389265,1.4461695201255054,168
1.5,discount,6,-0.5935912563258218,-2.5357186566750483,1.7259621293060652,168
1.5,discount,7,-0.5239881104155001,-2.397350922501087,2.004283292394091,168
1.5,discount,8,-0.38252862255884507,-2.6181830163471242,1.798917081202904,168
1.5,discount,9,-0.3088318738626384,-2.114306678294319,1.649351923366053,168
1.5,discount,10,-0.2573560351219216,-2.514359593684542,1.7648434559830328,168
1.5,discount,11,-0.1997331129675993,-2.32605319423718,1.5174803734919782,168
1.5,discount,12,-0.14515837884247074,-2.061625217997699,1.9038547522753393,168
1.5,discount,13,-0.05776134114473401,-1.9298938011731597,1.907164230726363,168
1.5,discount,14,-0.06226498833474412,-2.3850301857811074,1.9358145031855065,168
1.5,discount,15,0.00250878711458235,-2.157331781372948,2.039778036439399,168
1.5,discount,16,-0.03701641277744127,-2.168951908769794,1.930141341223498,168
1.5,discount,17,0.03369293781277522,-2.041666404684728,1.9831852310414049,168
1.5,discount,18,0.04536495344738034,-2.1637428339642293,1.9748689769550771,168
1.5,discount,19,0.11505842771312996,-1.9907299936463008,2.2742509296982085,168
1.5,discount,20,0.12430417988098845,-2.0542263433145505,2.209156417190193,168
1.5,premium,-5,0.2910512178009299,-1.5703222240518133,2.490977598972585,176
1.5,premium,-4,0.3452457112098481,-1.419146586126545,2.348936218450066,176
1.5,premium,-3,0.4952716213808111,-1.2092182371312736,2.0366664625321285,176
1.5,premium,-2,0.6395755365558501,-0.8913816300581774,1.7315738499222508,176
1.5,premium,-1,0.9865159447459418,-0.031829139588976436,1.4642346975231535,176
1.5,premium,0,1.7761867428218254,1.5063186919451874,2.336545924478516,176
1.5,premium,1,1.4602377718278072,0.30121562290839626,2.685809524694113,176
1.5,premium,2,1.1891304297057594,-0.47838788390526554,2.5484788779556804,176
1.5,premium,3,1.040564256592011,-0.8843757126147399,2.810295515027335,176
1.5,premium,4,0.7674917162005609,-1.3229735663485562,2.542759403270267,176
1.5,premium,5,0.5826613512898411,-1.7101642766353498,2.4429393061055102,176
1.5,premium,6,0.5226087370861853,-1.4084492250349154,2.4403834603923302,176
1.5,premium,7,0.41953349659220707,-1.762780050365581,2.400873032586248,176
1.5,premium,8,0.3676868240472783,-1.9666467966735155,2.275493282532539,176
1.5,premium,9,0.2700444126356014,-2.027313544093973,1.9899059885524901,176
1.5,premium,10,0.21185125904655278,-1.5945865412058855,2.0945607606538617,176
1.5,premium,11,0.10405197468373747,-2.0802724477281465,2.007995342898332,176
1.5,premium,12,0.10606622807081739,-1.6992201709222663,1.9576818677034709,176
1.5,premium,13,0.15047016751810235,-1.789798469062244,2.0843382700777457,176
1.5,premium,14,0.14361819372314882,-1.784164435934712,2.2936027641905374,176
1.5,premium,15,0.11704018494838038,-1.8600820631407664,2.3968000877449165,176
1.5,premium,16,0.1752198710331674,-1.8910759619395718,2.1344639364228133,176
1.5,premium,17,0.03497429483262379,-2.2177114035474546,2.117855154154402,176
1.5,premium,18,0.011189619198637089,-2.0511839604683337,1.9530885525015043,176
1.5,premium,19,0.08560499548182066,-2.019323443343059,1.9180967555941162,176
1.5,premium,20,0.15922516248588955,-1.859097822639489,2.0099160740771445,176
2.0,discount,-5,-0.47958692326470953,-2.4438308612988955,1.4878361276144898,84
2.0,discount,-4,-0.5646035685894318,-2.282793640525792,1.4879091865338505,84
2.0,discount,-3,-0.7707609475325109,-2.185762599803495,0.85995098425895,84
2.0,discount,-2,-1.0293156828122363,-2.1916316144283954,0.18058295184611725,84
2.0,discount,-1,-1.3709373692355245,-1.9764894634227586,-0.44336664491746847,84
2.0,discount,0,-2.334127094382213,-2.981109445315473,-2.0111206247807254,84
2.0,discount,1,-1.9228387332674157,-3.205790011822362,-0.7157529508669911,84
2.0,discount,2,-1.5345292981465868,-3.3999181225847654,-0.026057170695722786,84
2.0,discount,3,-1.380978071848032,-2.5662061736301145,0.11487878051820055,84
2.0,discount,4,-1.1922621999288476,-2.642199400449412,0.3350149785966627,84
2.0,discount,5,-1.0086513158474804,-2.480235900442419,0.4766512021829359,84
2.0,discount,6,-0.7781288599787947,-2.6711382115745956,1.226534045868041,84
2.0,discount,7,-0.5651207279724028,-2.54686633374979,1.3252293270514184,84
2.0,discount,8,-0.5576847768046639,-2.7293175451922522,1.438071702507588,84
2.0,discount,9,-0.44785959160776606,-2.361133128476282,1.6544823593638334,84
2.0,discount,10,-0.33099772593502624,-2.296108041897748,1.7164867370608772,84
2.0,discount,11,-0.30787999733994703,-1.655239895393012,1.3073989101752133,84
2.0,discount,12,-0.26361915106910055,-1.8871114941294826,1.5989183994876892,84
2.0,discount,13,-0.1333558464487096,-1.7176061635785709,1.9213043116181965,84
2.0,discount,14,-0.04799543870316682,-2.045944749934056,1.9867453441843141,84
2.0,discount,15,0.052284188096338786,-2.0346592513890185,1.9745527487411043,84
2.0,discount,16,0.08171627904693983,-1.991103623238391,1.717599698398815,84
2.0,discount,17,0.13083530452188155,-1.7136969956604737,1.7466265483521255,84
2.0,discount,18,0.16264872907652383,-1.8938930814080066,1.9910897187948018,84
2.0,discount,19,0.1597764052236473,-1.7706280169021267,2.0675198130039885,84
2.0,discount,20,0.05564289230668706,-1.8863966962345897,1.9327275016313137,84
2.0,premium,-5,0.37432952983278356,-1.400406696242507,1.8805083038557828,73
2.0,premium,-4,0.48292716174276584,-1.402939054236808,1.7922409485904902,73
2.0,premium,-3,0.6833570134522575,-1.325749949389902,1.9075168163964396,73
2.0,premium,-2,0.8774097618180235,-0.9316614701966239,1.8858962430114754,73
2.0,premium,-1,1.474153413303819,0.5849807197442405,1.961355384228775,73
2.0,premium,0,2.2942252723079544,2.008522212713795,2.9270118455196665,73
2.0,premium,1,1.9335461461841037,0.809540174959459,3.0026393502957767,73
2.0,premium,2,1.518195650546563,-0.7304180328208815,2.744255532116506,73
2.0,premium,3,1.264042078419326,-0.3268001219023181,2.828788359648118,73
2.0,premium,4,0.9801349193276422,-1.1454247994405153,2.489016743579473,73
2.0,premium,5,0.8159045133771422,-1.2746888749237066,2.568474067397996,73
2.0,premium,6,0.6990020871501138,-1.3942531689274567,2.459831999970152,73
2.0,premium,7,0.5839169022591942,-1.8676829447768453,2.0684048901685856,73
2.0,premium,8,0.48117156388202253,-2.0426662427944957,1.9013577498093035,73
2.0,premium,9,0.44131410943089006,-1.5777567943852975,2.046414846079108,73
2.0,premium,10,0.23850385844888375,-1.8438103418863958,2.6718987307791973,73
2.0,premium,11,0.14893091816608997,-1.9392079612124162,2.2592489191546474,73
2.0,premium,12,0.20286343791486894,-1.7127571256974459,2.4258280655985773,73
2.0,premium,13,0.23637781691780496,-1.6357352914349654,2.3297764486038286,73
2.0,premium,14,0.31748519039999207,-1.2466976233361151,2.541222673159038,73
2.0,premium,15,0.2061334552935668,-1.6134120125829503,2.0638249088877574,73
2.0,premium,16,0.3458948675517112,-1.6312483472959645,2.246472329740092,73
2.0,premium,17,0.14661381076330976,-1.7217598780063734,2.0078678768067997,73
2.0,premium,18,0.03398499456186157,-1.9876707373868565,2.1095386382852745,73
2.0,premium,19,0.08344927082558358,-1.9949312028562602,1.9173454470017197,73
2.0,premium,20,0.032328435828117424,-1.3582504052440112,1.700600738907409,73
2.5,discount,-5,-0.8672566326994219,-2.5367595077606735,1.000966781214398,33
2.5,discount,-4,-0.9978982773474857,-2.8335714503011755,1.9185282050935597,33
2.5,discount,-3,-0.9835886556213788,-2.449750183044171,1.079012485645275,33
2.5,discount,-2,-1.3279965031262222,-2.549146509502637,0.19155583249694247,33
2.5,discount,-1,-1.7860846592821813,-2.4487944237955532,-0.6764982469846369,33
2.5,discount,0,-2.766599775862303,-3.3046931892979496,-2.517724835785535,33
2.5,discount,1,-2.1116563061700857,-2.985520712872811,-1.294686139879989,33
2.5,discount,2,-1.7891139471380706,-3.5245545178428905,-0.48746165311280415,33
2.5,discount,3,-1.4936734138816519,-3.260360086394714,0.10963395229642843,33
2.5,discount,4,-1.3995165819634607,-3.1034394424165392,0.5527239347347882,33
2.5,discount,5,-1.0749945823109621,-2.9278078146964908,0.4762389201991875,33
2.5,discount,6,-0.7356310962063283,-2.750233501421264,1.2311401732847174,33
2.5,discount,7,-0.45383497047511756,-2.054985374040768,1.7065906607978636,33
2.5,discount,8,-0.32831687815129035,-2.109142065266294,1.656387989889672,33
2.5,discount,9,-0.08182918400662269,-1.655015976657731,1.7975192806937215,33
2.5,discount,10,-0.17635345715658532,-1.6211935887660711,1.3924556600032982,33
2.5,discount,11,-0.13432561278293587,-1.5478477745328367,1.5014707270768668,33
2.5,discount,12,0.021446225665653417,-1.8558019976157034,1.6310786516721383,33
2.5,discount,13,0.02773140594859696,-1.4966090643496917,1.7936132237035989,33
2.5,discount,14,0.11304778092052979,-1.4858686667392778,2.0764313618142523,33
2.5,discount,15,0.18582502687861963,-1.7754863982251154,2.1213962926909047,33
2.5,discount,16,0.19360779054712154,-2.3526159868533068,1.9896060158298225,33
2.5,discount,17,0.2039555551483874,-1.7947442448745643,2.08943549889059,33
2.5,discount,18,0.2034992794978382,-1.8517714503970055,1.8625438114052335,33
2.5,discount,19,0.03801375815853015,-1.802508805539486,1.9628988809320678,33
2.5,discount,20,-0.17573838866517544,-2.076012778740095,1.8341144430723861,33
2.5,premium,-5,0.7531546615328288,-0.5274773217722817,2.064072041976752,25
2.5,premium,-4,0.6245527741624017,-1.0232358710250804,1.910040148302733,25
2.5,premium,-3,0.9737587518360441,-0.35221644844583927,2.2868008387300596,25
2.5,premium,-2,1.175744661252065,0.3044867980999959,2.1360209522250764,25
2.5,premium,-1,1.8716473500093675,1.041517399200197,2.420754292638953,25
2.5,premium,0,2.770511233714467,2.5236279543127784,3.3640757562727095,25
2.5,premium,1,2.316380403835359,0.9807795700436757,3.412599299499131,25
2.5,premium,2,1.973580724826943,0.5007535780738611,2.7828935282655065,25
2.5,premium,3,1.57918545689275,0.08643418765350219,2.869300389279023,25
2.5,premium,4,1.1320741568842225,-1.0917237867933576,2.448513570387027,25
2.5,premium,5,1.1531645638534258,-0.1581915799810116,2.468272873751886,25
2.5,premium,6,0.8310605108371988,-0.11084602768875068,2.3178040217371354,25
2.5,premium,7,0.7264583743063721,-0.5181777372310287,2.1833286636272566,25
2.5,premium,8,0.7279994656480313,-0.7885041310167175,1.9918616495359212,25
2.5,premium,9,0.6381023986144868,-0.9247299792235594,1.86020831977047,25
2.5,premium,10,0.46405511102502894,-1.2938055583300838,2.0680605487223795,25
2.5,premium,11,0.36712537261357037,-1.7111489517787268,1.777613860548803,25
2.5,premium,12,0.31940740637148646,-1.7588271367003352,2.2432609954976757,25
2.5,premium,13,0.5472155843731811,-1.3770886116746026,2.2426694583969344,25
2.5,premium,14,0.5279560417803245,-1.4891991416950683,2.5923161188795216,25
2.5,premium,15,0.3562172242718936,-1.456920860424641,2.1607164632129203,25
2.5,premium,16,0.2741821463294645,-1.3849061722577738,2.132311247441327,25
2.5,premium,17,0.040210893629513904,-1.3547603232320524,1.7509562550226787,25
2.5,premium,18,-0.003013418733777331,-1.285902716558721,1.6039906812885918,25
2.5,premium,19,0.03219216523123555,-1.2221932150013162,1.2812761923199174,25
2.5,premium,20,-0.14764726845359957,-1.3136874925275361,1.178135625982148,25
