ticker,date,direction,vix_regime,oas_regime,magnitude_pct,days_to_zero,fwd_ret_5d,hit
AGG,2022-01-20,discount,high,wide,1.3216673357907551,10.0,-0.0005366987932944323,0.0
AGG,2022-03-09,discount,high,tight,1.5416891365769354,9.0,-0.012472492653454292,0.0
AGG,2022-11-25,discount,medium,tight,1.1117966024460346,17.0,0.012749897881753514,1.0
AGG,2023-05-04,discount,medium,tight,1.01960462103196,3.0,-0.00020010275299242597,0.0
AGG,2023-06-13,discount,low,tight,1.5378332281941025,11.0,0.008190039406822391,1.0
AGG,2023-11-24,discount,low,wide,1.0886086987927437,20.0,0.017656335031364545,1.0
AGG,2023-12-07,discount,low,wide,1.013567185281182,12.0,0.015814345440159805,1.0
AGG,2023-12-20,discount,low,wide,1.486456175556674,3.0,0.004748926087764893,1.0
AGG,2024-04-19,discount,medium,wide,0.8342563010715416,10.0,-0.0005241709352376001,0.0
AGG,2024-10-07,discount,medium,wide,0.949696487607134,9.0,-0.0021080011913559016,0.0
AGG,2024-11-14,discount,low,wide,1.078281275293176,4.0,0.0009216214693734681,1.0
AGG,2025-01-03,discount,medium,wide,1.5061499425045068,13.0,-0.009916321750670809,0.0
AGG,2025-08-06,discount,medium,tight,1.066597407593329,7.0,0.0016127775787313503,1.0
AGG,2025-12-12,discount,medium,tight,0.884117592231879,6.0,0.00030055886214452876,1.0
AGG,2026-01-14,discount,medium,tight,0.9139961180483828,5.0,-0.0032885085806930725,0.0
AGG,2026-03-06,discount,high,wide,1.0201902554910938,6.0,-0.00908912941615414,0.0
AGG,2026-04-16,discount,medium,wide,0.8658461502634867,5.0,-0.0003016325661322483,0.0
AGG,2026-05-20,discount,medium,wide,1.0706794984246952,8.0,0.0079413436123279,1.0
AGG,2021-12-13,premium,medium,wide,0.7306672548525943,9.0,-0.002617076066922186,1.0
AGG,2022-02-11,premium,high,tight,1.1546635630317228,4.0,-0.0020889712145918393,1.0
AGG,2022-05-31,premium,high,tight,0.9193098384194138,6.0,-0.008601521012356672,1.0
AGG,2022-08-31,premium,high,tight,1.0358097792562404,20.0,-0.009135122404019147,1.0
AGG,2022-09-09,premium,medium,tight,1.2023220714266627,16.0,-0.00952091561299273,1.0
AGG,2023-03-10,premium,medium,tight,0.7433053205667262,6.0,0.014374591851877838,0.0
AGG,2023-04-03,premium,medium,tight,0.9074418645506032,5.0,-0.0001002017257166754,1.0
AGG,2023-08-30,premium,low,tight,0.5090432669219611,20.0,-0.009621355989461233,1.0
AGG,2024-06-03,premium,low,wide,0.7390993774758581,11.0,-0.0026859723970404925,1.0
AGG,2024-06-11,premium,low,wide,1.0753900994085674,5.0,0.010839221560777101,0.0
AGG,2024-07-31,premium,medium,wide,1.4500898359842769,10.0,0.0024215302420698137,0.0
AGG,2024-12-11,premium,low,wide,0.8026719031969406,11.0,-0.017631020874653403,1.0
AGG,2025-10-14,premium,medium,wide,0.9461725859590576,13.0,0.004465217137203936,0.0
AGG,2026-01-26,premium,medium,wide,0.7229832709283158,12.0,-0.005685215267098753,1.0
AGG,2026-02-25,premium,medium,tight,0.7621431761901623,5.0,-0.005047527034929944,1.0
AGG,2026-05-05,premium,medium,wide,1.0984943774902145,3.0,-0.0014174283123080667,1.0
HYG,2021-11-29,discount,medium,wide,1.031573520789086,19.0,0.00441857271416235,1.0
HYG,2022-06-24,discount,high,tight,0.809853030772705,12.0,-0.014125766866487477,0.0
HYG,2022-08-04,discount,medium,tight,1.104126762849218,6.0,-0.0025497778099398127,0.0
HYG,2022-09-26,discount,high,tight,0.8749896178884028,20.0,0.009680169096841551,1.0
HYG,2022-10-07,discount,high,tight,1.035443420693996,11.0,-0.008458133487529218,0.0
HYG,2023-01-12,discount,medium,tight,1.4820189328960205,8.0,-0.006132583826280791,0.0
HYG,2023-05-26,discount,medium,tight,1.0201121907440789,11.0,0.006754931406050435,1.0
HYG,2023-06-07,discount,low,tight,1.669157341400524,4.0,0.007139953594618387,1.0
HYG,2023-12-29,discount,low,wide,1.184816756053202,19.0,-0.003618022761405104,0.0
HYG,2024-01-09,discount,low,wide,1.441392667211404,13.0,-0.004531996481963119,0.0
HYG,2024-04-11,discount,low,wide,1.424134063808224,7.0,-0.007459852073026463,0.0
HYG,2024-11-08,discount,low,wide,0.6742086223285837,14.0,-0.007142853045438158,0.0
HYG,2024-11-18,discount,medium,wide,0.87410620702413,8.0,0.005165075287171472,1.0
HYG,2025-05-08,discount,medium,wide,0.7364205783945205,12.0,0.010573271733180789,1.0
HYG,2025-05-19,discount,medium,wide,1.5144229039255412,5.0,0.0006299200489787715,1.0
HYG,2026-01-12,discount,medium,tight,0.9873004288797684,2.0,-0.0019743788289953157,0.0
HYG,2026-05-04,discount,medium,wide,0.7682701035207575,20.0,0.0022556428357407565,1.0
HYG,2026-05-26,discount,medium,wide,1.1981422104615551,20.0,-0.0034921274411469083,0.0
HYG,2026-06-03,discount,medium,wide,1.177170858302864,20.0,,
HYG,2021-09-24,premium,medium,tight,1.5473687162955347,12.0,-0.005687634844400602,1.0
HYG,2022-03-18,premium,medium,tight,1.0266446893254342,6.0,-0.014661324395611075,1.0
HYG,2022-04-29,premium,high,wide,1.409656424593965,18.0,-0.01196997906555508,1.0
HYG,2022-12-15,premium,medium,tight,1.322395188730893,5.0,-0.010666707356770888,1.0
HYG,2023-06-28,premium,low,tight,1.1182617566191473,10.0,-0.015084832833669681,1.0
HYG,2023-09-19,premium,low,tight,1.3949518608316334,13.0,-0.011818389259173112,1.0
HYG,2024-03-27,premium,low,wide,0.4251738751611842,4.0,-0.012965367348483747,1.0
HYG,2024-05-13,premium,low,wide,0.7120756396024246,19.0,0.005723236955327726,0.0
HYG,2024-08-27,premium,medium,wide,0.6680667177122884,5.0,-0.00403581398826236,1.0
HYG,2025-03-07,premium,medium,wide,0.8751392550744342,4.0,-0.007174319908351268,1.0
HYG,2025-03-27,premium,medium,wide,0.9234723391211428,4.0,-0.01355459414405813,1.0
HYG,2025-10-20,premium,medium,tight,0.7864794704119685,7.0,0.004945617451316053,0.0
JNK,2021-10-20,discount,medium,wide,1.2874638838008234,12.0,-0.004128103557638152,0.0
JNK,2022-02-02,discount,medium,wide,0.9859074130101416,5.0,-0.009163922859576568,0.0
JNK,2022-06-16,discount,high,tight,0.5455557195243965,20.0,0.016791030873341883,1.0
JNK,2022-06-27,discount,high,tight,0.8558437766899752,17.0,-0.013556013582159188,0.0
JNK,2023-02-27,discount,medium,tight,0.7160247233770403,6.0,0.001201404688561336,1.0
JNK,2023-04-05,discount,medium,tight,0.5258282581123951,17.0,0.012684567532198932,1.0
JNK,2023-04-18,discount,medium,tight,0.9926556466126109,9.0,-0.0005421560223118904,0.0
JNK,2023-09-08,discount,low,tight,1.0496803211201124,20.0,0.0007649403692504553,1.0
JNK,2023-09-20,discount,medium,tight,1.1205200086909648,16.0,-0.013039693332790647,0.0
JNK,2023-09-28,discount,medium,tight,1.2153056628471963,10.0,-0.017466303858562515,0.0
JNK,2024-02-09,discount,low,wide,0.8720825464909692,2.0,-0.005804781548894966,0.0
JNK,2024-02-20,discount,medium,wide,0.911440139155216,7.0,0.0012717544065898867,1.0
JNK,2024-03-15,discount,low,wide,1.299333362703284,7.0,0.007948283119423083,1.0
JNK,2024-06-04,discount,low,wide,1.1820732682186923,8.0,0.0014887216959322824,1.0
JNK,2024-09-10,discount,medium,wide,1.208088708137253,4.0,0.008498287003612326,1.0
JNK,2025-03-04,discount,medium,wide,0.4822022235092382,12.0,-0.009971944717438452,0.0
JNK,2025-03-12,discount,medium,wide,0.9691889568943938,6.0,0.006079683666434299,1.0
JNK,2025-07-15,discount,medium,tight,0.870243833439565,14.0,0.008210360689097307,1.0
JNK,2025-07-23,discount,medium,tight,0.9797783846316984,8.0,-0.0023692145920417573,0.0
JNK,2025-11-24,discount,medium,tight,0.6116333803649894,16.0,0.0007213488681347968,1.0
JNK,2026-01-22,discount,medium,wide,1.2864180323527656,9.0,-0.001633946443083012,0.0
JNK,2022-02-16,premium,medium,tight,1.6798326126132797,15.0,-0.0002893400772432386,1.0
JNK,2022-05-09,premium,high,wide,2.23169739109148,16.0,-0.0031479857518458276,1.0
JNK,2022-10-04,premium,high,tight,0.8853198798050642,10.0,-0.027170866119480386,1.0
JNK,2022-10-28,premium,high,tight,0.6894163941400984,20.0,-0.023075246653712744,1.0
JNK,2022-11-15,premium,medium,tight,0.9630604056791824,8.0,0.00218703755397498,0.0
JNK,2023-07-06,premium,medium,tight,0.4030583901081273,9.0,0.02507737910565666,0.0
JNK,2023-11-20,premium,low,wide,0.1473935349350228,17.0,0.008187773062156678,0.0
JNK,2023-12-06,premium,low,wide,0.2222994138319149,6.0,0.01691809960338686,0.0
JNK,2023-12-19,premium,low,wide,0.312952930119849,20.0,0.009523825670676223,0.0
JNK,2024-07-05,premium,low,wide,0.4631951672736566,14.0,0.006871778740290768,0.0
JNK,2024-10-11,premium,medium,wide,0.7725932346023604,7.0,0.0030994464255156284,0.0
JNK,2024-12-03,premium,low,wide,0.9049317644776432,12.0,0.001652759695738304,0.0
JNK,2025-01-06,premium,medium,wide,1.046112357882122,9.0,-0.0070789123720415015,1.0
JNK,2025-04-01,premium,medium,wide,1.2707922671255705,7.0,-0.039886270469673524,1.0
JNK,2025-06-20,premium,medium,tight,1.4820139871318143,3.0,0.0073781467287197255,0.0
JNK,2025-09-19,premium,medium,tight,1.7014908795091173,13.0,-0.002446710905593341,1.0
JNK,2026-02-26,premium,medium,tight,0.9062889212624776,9.0,-0.011284428248200307,1.0
LQD,2021-10-29,discount,medium,wide,1.0038277952916703,20.0,0.010113920787585773,1.0
LQD,2021-11-18,discount,medium,wide,1.1361041719148666,20.0,0.0007541925127891869,1.0
LQD,2022-01-21,discount,high,wide,1.4569447035113934,10.0,-0.009309519046260428,0.0
LQD,2022-07-19,discount,medium,tight,1.0708521960075708,5.0,0.011584059881977415,1.0
LQD,2022-11-17,discount,medium,wide,0.9124647021463446,6.0,0.01842748964152152,1.0
LQD,2023-01-12,discount,medium,tight,1.3957795446261296,12.0,-0.002526380715248022,0.0
LQD,2023-04-26,discount,medium,tight,0.9384016922995808,6.0,-0.0019182198340139678,0.0
LQD,2023-05-17,discount,medium,wide,0.8554639344353993,17.0,-0.007649964326406522,0.0
LQD,2023-06-06,discount,low,tight,1.22934967318499,4.0,-0.0062447400804181985,0.0
LQD,2023-10-04,discount,medium,tight,0.4279872825328988,20.0,0.014740993078148135,1.0
LQD,2023-10-26,discount,medium,tight,1.075135658017315,17.0,0.016030519413411604,1.0
LQD,2024-03-11,discount,medium,wide,1.9569040672301488,10.0,-0.012931067959195186,0.0
LQD,2025-01-15,discount,medium,wide,1.3037555448786733,6.0,0.004038319793570722,1.0
LQD,2025-06-18,discount,medium,wide,1.2253287492842877,9.0,0.010550665038874252,1.0
LQD,2025-11-06,discount,medium,tight,0.4097060899154341,12.0,-0.003425558932413142,0.0
LQD,2026-01-02,discount,low,tight,0.7011260398089884,9.0,0.0043572595459540064,1.0
LQD,2026-03-31,discount,high,wide,0.7232527781465502,4.0,0.004587576931829762,1.0
LQD,2026-05-08,discount,medium,wide,0.5964894226614783,12.0,-0.01227102907819455,0.0
LQD,2022-05-02,premium,high,wide,0.5982540047318682,18.0,-0.004298024316098936,1.0
LQD,2022-10-03,premium,high,tight,0.5694543234063297,2.0,-0.024038461538461564,1.0
LQD,2022-10-14,premium,high,tight,0.9919549939011348,18.0,-0.008965868909243446,1.0
LQD,2022-11-03,premium,high,tight,1.1036148019558374,4.0,0.03339281418674278,0.0
LQD,2024-01-16,premium,low,wide,0.8160961595629895,20.0,-0.003933409315552194,1.0
LQD,2024-02-02,premium,low,wide,0.928802795053934,10.0,-0.013318728771133825,1.0
LQD,2024-08-30,premium,low,wide,0.9812023997821974,17.0,0.012319060856581743,0.0
LQD,2024-11-26,premium,low,wide,1.3985163483473249,10.0,0.009226291449419,0.0
LQD,2025-06-12,premium,medium,wide,0.6169103435573372,2.0,-0.0027665349041272602,1.0
LQD,2025-07-08,premium,medium,tight,0.5505219054686752,8.0,-0.00407025733785793,1.0
LQD,2025-08-13,premium,low,tight,0.8866051736579851,18.0,-0.004534735990502026,1.0
LQD,2025-12-04,premium,medium,tight,1.4166719042916185,3.0,-0.001171531777799495,1.0
LQD,2026-04-14,premium,medium,wide,0.6636953415210565,2.0,-0.0033642729158791518,1.0
LQD,2026-04-28,premium,medium,wide,0.7400662654961074,5.0,-0.006310543580772099,1.0
TLT,2021-09-23,discount,medium,tight,1.0251753254147775,12.0,-0.027231014218875194,0.0
TLT,2022-07-05,discount,high,tight,0.8255796237788753,8.0,-0.013792517468097176,0.0
TLT,2022-11-10,discount,medium,tight,0.9070974526780936,20.0,0.021170502097248578,1.0
TLT,2022-11-18,discount,medium,wide,1.1410968190189164,20.0,0.03562829258835398,1.0
TLT,2022-11-29,discount,medium,tight,1.234961684550118,16.0,0.048734981640601305,1.0
TLT,2023-03-30,discount,medium,tight,0.5282795796711066,6.0,0.03559156124925811,1.0
TLT,2023-05-17,discount,medium,wide,0.623621670272062,3.0,-0.019984431810930126,0.0
TLT,2023-06-08,discount,low,tight,0.8019847007067956,4.0,0.009210292611133708,1.0
TLT,2024-12-13,discount,low,wide,0.6580499596280251,6.0,-0.020410470728133623,0.0
TLT,2025-01-07,discount,medium,wide,0.76691028618065,17.0,0.009776582695374847,1.0
TLT,2025-06-25,discount,medium,tight,0.6325032411735853,10.0,0.0007999050750249204,1.0
TLT,2022-01-07,premium,medium,wide,0.8036650674736643,4.0,-0.0011246197771547228,1.0
TLT,2022-04-18,premium,medium,tight,1.340304822426304,7.0,0.008655854368036175,0.0
TLT,2023-03-21,premium,medium,tight,1.0174875483400636,6.0,-0.004476202101934557,1.0
TLT,2023-08-10,premium,medium,tight,0.8226178840889158,8.0,-0.02249182946806072,1.0
TLT,2023-10-11,premium,medium,tight,1.233188599997919,20.0,-0.04487398175568347,1.0
TLT,2024-02-21,premium,medium,wide,0.5509744624260337,20.0,0.01453673609735695,0.0
TLT,2024-07-09,premium,low,wide,1.0220570800196336,6.0,0.01970763102215156,0.0
TLT,2024-07-22,premium,low,wide,0.8569412142981939,19.0,0.009066339169524928,0.0
TLT,2024-12-24,premium,low,wide,0.6334406431016041,5.0,-0.0034141691405543684,1.0
TLT,2025-05-02,premium,medium,wide,1.160345064185099,10.0,-0.0077510575533568105,1.0
TLT,2025-05-21,premium,medium,wide,1.068861897891058,11.0,0.025961656228228103,0.0
TLT,2025-07-21,premium,medium,tight,1.3196842843141436,6.0,-0.0015115959699764092,1.0
TLT,2025-10-20,premium,medium,tight,1.0852213846738668,15.0,0.002512241615208355,0.0
TLT,2026-03-18,premium,high,wide,0.8078541454721753,11.0,-0.001379976401166494,1.0
