ticker,direction,entry_date,exit_date,entry_zscore,exit_zscore,holding_days,position_size,gross_return_pct,net_return_pct,exit_reason
JNK,short,2021-08-31,2021-09-07,2.138052434888917,-1.2894329878359183,4,1.9920334136307132,0.34545204856177847,0.48894868217917115,zero_cross
TLT,long,2021-09-23,2021-10-11,-2.5895862507963483,0.7728140204982146,12,1.0004692708230696,-4.61040463046033,-4.712615085918256,zero_cross
HYG,short,2021-09-24,2021-10-12,2.5430099823496,-0.2336981464040204,12,1.9401099901724133,1.4332864108087318,2.586722285371141,zero_cross
JNK,long,2021-10-20,2021-11-05,-2.0299235920316265,0.1342125056225172,12,1.4782399115849827,0.2660314740338121,0.24543435149606674,zero_cross
LQD,long,2021-10-29,2021-11-29,-2.028965048735734,-0.3278693150275746,20,1.166959211093408,-0.5319085089928843,-0.737411455137548,time_stop
HYG,long,2021-11-29,2021-12-27,-2.1611531047319943,0.2246400714202515,19,1.0626166323383186,1.4534883720930258,1.4382392558625643,zero_cross
AGG,short,2021-12-13,2021-12-27,2.437131583440689,-0.1526005639374892,9,1.1147866044949892,0.32277338048739557,0.248344780405414,zero_cross
TLT,short,2022-01-07,2022-01-13,2.0003408567777488,-0.675874948237511,4,0.9945030699363805,-1.4199383877832705,-1.5115833927646154,zero_cross
AGG,long,2022-01-20,2022-02-03,-3.299307696922692,0.194309409150395,10,1.2393591647155413,-0.4651617033744171,-0.7004383366233301,zero_cross
LQD,long,2022-01-21,2022-02-04,-2.513143676344005,0.2402819821761994,10,0.9930009548149966,-2.6764911649357903,-2.7570583778166418,zero_cross
JNK,long,2022-02-02,2022-02-09,-2.462754498653235,0.0607988788632688,5,1.1782970335771286,-0.9163922859576568,-1.1976120154945835,zero_cross
AGG,short,2022-02-11,2022-02-17,2.2598264541906063,-0.380793560105363,4,0.8277976841873652,0.41780117243215287,0.2630750745713657,zero_cross
JNK,short,2022-02-16,2022-03-10,2.4866144387650766,-0.5387759718200362,15,0.8301251660522809,2.054395493005845,1.6223928831633065,zero_cross
AGG,long,2022-03-09,2022-03-22,-2.7251950202159176,0.8929466395881076,9,0.6599928379771798,-2.1001475571349237,-1.4520816302020376,zero_cross
HYG,short,2022-03-18,2022-03-28,2.326487947269611,-0.28809312885018,6,0.4839450226791767,0.8481727354851087,0.36207447144228266,zero_cross
TLT,short,2022-04-18,2022-04-27,2.60491574356056,-0.4011157238911881,7,0.7372216975339515,-0.5742778220964917,-0.4970922406154713,zero_cross
HYG,short,2022-04-29,2022-05-25,2.1046818883549983,-0.3397770708340564,18,0.5143313137810056,0.1782750437089642,0.040259306067097184,zero_cross
LQD,short,2022-05-02,2022-05-26,2.1530182450873263,-0.897724515883378,18,0.6035200954218656,-2.6952024785148243,-1.686960866556702,zero_cross
JNK,short,2022-05-09,2022-06-01,2.903061596910144,-0.3826088875032933,16,0.45167918493715814,-2.6652604457455764,-1.2490105842733246,zero_cross
AGG,short,2022-05-31,2022-06-08,2.203311957113021,-0.3200158740378339,6,0.6695427933061104,1.2660650846997745,0.7807304739866133,zero_cross
JNK,long,2022-06-16,2022-07-18,-2.0176885465224856,-0.7623432939758745,20,0.26600673029469957,0.9767332778990889,0.23321695259449085,time_stop
HYG,long,2022-06-24,2022-07-13,-2.690210240565524,0.2166215290272222,12,0.2681849204837007,-0.46641587133652296,-0.15190419541509143,zero_cross
TLT,long,2022-07-05,2022-07-15,-2.365362065802233,0.3347307415360352,8,0.62453398354809,-0.5054432882016235,-0.3781199085930142,zero_cross
LQD,long,2022-07-19,2022-07-26,-2.05163906103124,0.0951757737560142,5,0.7862797724934284,1.1584059881977415,0.8322032196058026,zero_cross
HYG,long,2022-08-04,2022-08-12,-2.887516912707995,0.1116329004165108,6,0.4439905140660698,0.6374298628732067,0.23861376109153248,zero_cross
AGG,short,2022-08-31,2022-09-29,2.3574619866912103,1.1026035745514446,20,0.7232310285552234,4.110812657416396,2.900744163565569,time_stop
HYG,long,2022-09-26,2022-10-24,-2.0105880905854474,0.376146851918483,20,0.39809945004157976,1.7676797949054412,0.6639024091973107,zero_cross
LQD,short,2022-10-03,2022-10-05,2.3678264261470376,-0.9989328691888828,2,0.46360673048400913,0.298074575570928,0.09182870637244572,zero_cross
JNK,short,2022-10-04,2022-10-18,2.363693030794229,-0.2696234256909304,10,0.3287132015866283,0.8095771790649686,0.23324738630325406,zero_cross
LQD,short,2022-10-14,2022-11-09,3.104083385134272,-0.3194366144263207,18,0.49692327289105237,-0.5280000231055793,-0.31206782685728096,zero_cross
JNK,short,2022-10-28,2022-11-28,2.0461904851009254,-0.183232568804993,20,0.4032381536447391,0.49213097727668353,0.158122171263957,zero_cross
TLT,long,2022-11-10,2022-12-09,-2.93230755482459,-0.0395437199141887,20,0.5863727385126779,8.223920438732502,4.763645475118692,time_stop
LQD,long,2022-11-17,2022-11-28,-2.115947351172272,0.156790975902858,6,0.4936078134249863,1.105649378491269,0.4963963907892718,zero_cross
AGG,long,2022-11-25,2022-12-20,-2.1183060102507807,0.0610073506237264,17,0.5595991958023814,0.03059850980899892,-0.03883701809837106,zero_cross
HYG,short,2022-12-15,2022-12-22,2.3884493054843308,-0.7155271923338322,5,0.512167202489292,1.0666707356770888,0.49509704642000046,zero_cross
LQD,long,2023-01-12,2023-01-31,-2.215394485867124,0.8060199522888261,12,0.5824415911721297,0.03609213648516629,-0.037222597713991036,zero_cross
HYG,long,2023-01-12,2023-01-25,-2.4799065748031035,0.1485060332402488,8,0.41635596058237795,-0.5741159249874395,-0.2806721834920236,zero_cross
JNK,long,2023-02-27,2023-03-07,-2.228817459329006,0.959088423139065,6,0.4756292706378581,-0.524241743488385,-0.29690764515708545,zero_cross
AGG,short,2023-03-10,2023-03-20,2.049693795816299,-0.1079506952951603,6,0.6470754617065629,-1.0296688489530803,-0.730980992011836,zero_cross
TLT,short,2023-03-21,2023-03-29,2.192669988296038,-1.0363112743768914,6,0.6294830568222723,0.6476193382626505,0.3447170950245632,zero_cross
TLT,long,2023-03-30,2023-04-10,-2.9850663553552743,0.1780599117267986,6,0.6472858644309306,1.8893088453072027,1.1581943226685831,zero_cross
AGG,short,2023-04-03,2023-04-11,2.195640459698928,-0.3492022640362399,5,0.5759458710048606,0.01002017257166754,-0.05182351008107798,zero_cross
JNK,long,2023-04-05,2023-05-01,-2.197890134455444,0.3737963311584682,17,0.5254570022326025,0.15308845743062793,0.02789570169465089,zero_cross
LQD,long,2023-04-26,2023-05-04,-2.359240641598415,0.2067192112733731,6,1.1674760807621734,-0.46584044628472654,-0.6606051865652117,zero_cross
AGG,long,2023-05-04,2023-05-09,-2.192183271615443,0.4172014305253963,3,0.6404175086079144,-0.9602871588980544,-0.6790264607104558,zero_cross
TLT,long,2023-05-17,2023-05-22,-2.0877926741722983,0.1252427509976338,3,0.6953723229600723,-1.7937258085797048,-1.3168445145615109,zero_cross
LQD,long,2023-05-17,2023-06-12,-2.037497625576593,0.3049742460290678,17,0.6737925198670319,-0.08396675551373134,-0.12395542376935921,zero_cross
HYG,long,2023-05-26,2023-06-13,-2.0826525492720425,0.3082535167366796,11,0.755661780273474,0.9592093300016424,0.64927165193662,zero_cross
TLT,long,2023-06-08,2023-06-14,-2.035501562477469,0.1586351696584429,4,1.0908222575569246,-0.03919352977095336,-0.15183540038206836,zero_cross
AGG,long,2023-06-13,2023-06-29,-2.679897677646747,0.6945544604505033,11,0.9810342303733428,0.040950978094156376,-0.057929111759697956,zero_cross
HYG,short,2023-06-28,2023-07-13,2.478577701230909,-0.0064207208644795,10,0.9890952146362092,-0.9878491891515351,-1.0759864272356636,zero_cross
JNK,short,2023-07-06,2023-07-19,2.0485759844518414,-0.3286168634512874,9,0.8578749723986206,-2.3309773404782463,-2.0854746188644477,zero_cross
TLT,short,2023-08-10,2023-08-22,2.3425807108038588,-0.1434582288359938,8,0.7754780102022166,2.468870249366839,1.837006787406225,zero_cross
AGG,short,2023-08-30,2023-09-28,2.2149598513629343,0.6058301263832772,20,0.7650447726468541,2.617428422137724,1.9259454548690838,time_stop
JNK,long,2023-09-08,2023-10-06,-2.448288800991952,-0.7052334401643717,20,0.8759712340508718,-2.699159832851994,-2.451983493088993,time_stop
HYG,short,2023-09-19,2023-10-06,2.1218000667268395,-0.0995991731524645,13,0.9000401901600049,2.377110750509681,2.0494911929041253,zero_cross
LQD,long,2023-10-04,2023-11-01,-2.830032388982004,-2.990544565862977,20,0.8159588439373293,-0.17928316976109082,-0.22788357232941253,time_stop
TLT,short,2023-10-11,2023-11-08,2.553955221796623,1.1985034377872672,20,0.6582473683365809,-1.2320519078229175,-0.8768196628121573,time_stop
LQD,long,2023-11-02,2023-11-20,-2.787302652011921,0.1000410337973591,12,0.6224038191426962,3.3527204158407375,2.024505609422694,zero_cross
JNK,short,2023-11-20,2023-12-14,2.035498348595484,-0.0302288828910163,17,0.6756616967780491,-3.5262045968768474,-2.450087550790172,zero_cross
AGG,long,2023-11-24,2023-12-22,-2.3661647396313485,-0.8654404372663079,20,0.6356574604396985,3.867577767904584,2.394888915955296,time_stop
JNK,short,2023-12-19,2024-01-19,2.0574418667341017,0.2469586739465986,20,0.8376322601580384,0.12698703342015616,0.02260520979868591,time_stop
HYG,long,2023-12-29,2024-01-29,-2.466714768824119,0.6024942040516436,19,0.815258665986646,0.5297889460433414,0.35038916280710103,zero_cross
LQD,short,2024-01-16,2024-02-13,2.6210785241919865,0.4366183353917891,20,0.9242551054266611,2.140501595703359,1.8859440174600783,time_stop
JNK,long,2024-02-09,2024-02-13,-2.0884773305823283,0.0645461803491526,2,1.0234445931518419,-1.0343043344945624,-1.1608976381271583,zero_cross
JNK,long,2024-02-15,2024-02-29,-2.194409424003789,0.2354118669062181,9,0.9658713992737343,0.21182438203277698,0.10800797234691893,zero_cross
TLT,short,2024-02-21,2024-03-20,2.068633948482321,0.7230018059868385,20,0.8468174375721981,-0.7702311587351796,-0.7369269199356094,time_stop
LQD,long,2024-03-11,2024-03-25,-2.865622260344459,0.2806730369685022,10,1.2621609734529022,-0.6786480718601773,-0.9827792083562668,zero_cross
JNK,long,2024-03-15,2024-03-26,-2.2722884224120827,0.1446891645616611,7,1.5671274511983395,0.5086855918125188,0.6404624098386376,zero_cross
HYG,short,2024-03-27,2024-04-03,2.285660567807592,-0.1370024952976939,4,1.4745637653873493,1.2195180475331857,1.6508007475896278,zero_cross
HYG,long,2024-04-11,2024-04-22,-2.116654620569272,0.5536539435012883,7,0.9172934352521679,-0.013090087359113323,-0.10373679472660882,zero_cross
AGG,long,2024-04-19,2024-05-03,-2.019417008736755,0.1775358579123783,10,0.7556108696021618,0.8492401041238828,0.5661339666178613,zero_cross
HYG,short,2024-05-13,2024-06-10,2.3891519944756783,-0.1689890319586803,19,0.9570212713942119,-0.10406065805514952,-0.19529039041347873,zero_cross
AGG,short,2024-06-03,2024-06-18,2.109125378040952,-0.7729451683069112,11,1.056270040430948,-1.157019712683982,-1.3277522627392084,zero_cross
JNK,long,2024-06-04,2024-06-14,-2.293347357532519,0.2815492120555258,8,1.248124819189711,0.11697214938393152,0.02118336088108028,zero_cross
JNK,short,2024-07-05,2024-07-25,2.074039298013927,-0.0746716889345137,14,1.171257443469734,-0.7294666118195625,-0.971518943203283,zero_cross
TLT,short,2024-07-09,2024-07-17,2.743565272515946,-0.0640731319304515,6,0.8094983011377381,-1.9924244696124749,-1.6938140534103312,zero_cross
TLT,short,2024-07-22,2024-08-16,2.0094511685142065,-0.0103684514468921,19,0.9127275421884198,-5.169995506356684,-4.810070045860953,zero_cross
AGG,short,2024-07-31,2024-08-14,2.576563838850245,-0.1436076028701838,10,1.1451983559277457,-1.2006885622821262,-1.489546403099514,zero_cross
HYG,short,2024-08-27,2024-09-04,2.130513338509791,-0.1793056338428704,5,0.997175527599029,0.403581398826236,0.3027239415438031,zero_cross
LQD,short,2024-08-30,2024-09-25,2.1820932995597304,-0.390747857568594,17,1.0883294735759559,-1.4387181793840131,-1.6746323461507562,zero_cross
JNK,long,2024-09-10,2024-09-16,-2.530764340137557,0.3073251287150377,4,1.077706532992943,0.7876486196045862,0.7410834097514416,zero_cross
AGG,long,2024-10-07,2024-10-18,-2.1620028068468717,0.1428353212528639,9,1.300468403272378,-0.10038757353785233,-0.26059770779439706,zero_cross
JNK,short,2024-10-11,2024-10-22,2.2980968409150493,-0.4689608487041933,7,1.459015733263704,0.2686249961474707,0.24602652240069117,zero_cross
HYG,long,2024-11-08,2024-11-29,-2.1990766586609225,0.6990756995921393,14,1.2790822999997324,0.3007491912172755,0.2567747372252788,zero_cross
AGG,long,2024-11-14,2024-11-20,-2.168100976849902,0.3371848268555803,4,0.8441679891686621,0.143368548346956,0.03661034025121376,zero_cross
LQD,short,2024-11-26,2024-12-11,2.2258382823648253,-0.0195124154505932,10,0.7740984932200041,-0.43847238712582115,-0.41683066351467685,zero_cross
JNK,short,2024-12-03,2024-12-19,2.364222506757723,-0.0597245439079717,12,1.2695823081719553,2.1072213273145235,2.5483326857439486,zero_cross
AGG,short,2024-12-11,2024-12-27,2.409836098771129,-0.2938790078750283,11,1.0599697227804628,2.0772145111404905,2.095787517251094,zero_cross
TLT,long,2024-12-13,2024-12-23,-2.247753196408587,1.1822872804218771,6,0.998516103405037,-2.939546845285612,-3.0350364720716625,zero_cross
TLT,short,2024-12-24,2025-01-02,2.0678867898129507,-1.7659323008213057,5,0.8630132381823384,0.34141691405543684,0.20834599275096982,zero_cross
AGG,long,2025-01-03,2025-01-24,-2.126486399833588,0.074603278181759,13,1.0052334058823955,0.206594961967288,0.10715281666828132,zero_cross
JNK,short,2025-01-06,2025-01-21,2.090956462863763,-0.4518693201726531,9,0.9287853970255022,-0.6974867950950703,-0.7406940896049702,zero_cross
TLT,long,2025-01-07,2025-02-03,-2.024270747964793,0.7751889705661614,17,1.236973348166369,2.6070827990004375,3.101194604009883,zero_cross
LQD,long,2025-01-15,2025-01-24,-2.4971941478760016,0.2422506488214419,6,0.8518624629551546,0.6010512485645769,0.4268267506689759,zero_cross
JNK,long,2025-03-04,2025-03-20,-2.0514492081422997,0.1545158925338623,12,1.0894126053843605,-0.4258814241315023,-0.5729018523863377,zero_cross
HYG,short,2025-03-07,2025-03-13,2.7067204032266106,-1.4312776546193398,4,1.2973325181752327,1.170547943232314,1.388856659020894,zero_cross
HYG,short,2025-03-27,2025-04-02,2.645816710123644,-0.8653545415760363,4,0.979791596245818,0.11401566316388001,0.013732428983781724,zero_cross
JNK,short,2025-04-01,2025-04-10,2.004806389512149,-0.0860741088884097,7,1.0463739087433974,2.999367054102131,3.0338220372826763,zero_cross
TLT,short,2025-05-02,2025-05-16,3.022812839957754,-0.5773558334673273,10,0.6884672398264361,1.6300014253479045,1.0533558582397846,zero_cross
HYG,long,2025-05-08,2025-05-27,-2.310400349709584,0.4913476864126642,12,0.4259522254773304,1.1847137645551342,0.4620362420181524,zero_cross
TLT,short,2025-05-21,2025-06-06,2.030105800418716,-0.0594797249196776,11,1.0714404735685479,-1.6434407923739958,-1.8679930282199184,zero_cross
LQD,short,2025-06-12,2025-06-16,2.160270974868787,-0.7175795877199661,2,0.8860339212871851,0.7746255518013556,0.5977411230630861,zero_cross
LQD,long,2025-06-18,2025-07-02,-2.574283040728814,0.5445678192085093,9,0.9027223026847205,1.1753786276693212,0.9707682710275843,zero_cross
JNK,short,2025-06-20,2025-06-25,2.171446502230187,-0.1361292561408321,3,1.1331327659972266,-0.4988004892389597,-0.678520454651835,zero_cross
TLT,long,2025-06-25,2025-07-10,-2.1617452950074902,0.1269621507102757,10,1.043402266787436,-0.5942226714283794,-0.7243535090236005,zero_cross
LQD,short,2025-07-08,2025-07-18,2.032503064295956,-0.4382856511087314,8,1.2380250596777924,-0.17576544318984588,-0.34140452926218184,zero_cross
JNK,long,2025-07-15,2025-08-04,-2.2724464057757743,0.1230969664511562,14,1.2497974790021795,0.5092474096374255,0.5114763808530267,zero_cross
TLT,short,2025-07-21,2025-07-29,2.221395402968596,-0.1293837001460298,6,1.355631700002178,-1.5348833660746797,-2.216299716857101,zero_cross
AGG,long,2025-08-06,2025-08-15,-2.481569257420392,0.1850937851477036,7,1.2840631105027607,-0.27214660372744115,-0.4778597255452963,zero_cross
LQD,short,2025-08-13,2025-09-09,2.12607146616022,-0.25047479245574,18,1.6715181535667434,-0.997640534018851,-1.834726078703204,zero_cross
JNK,short,2025-09-19,2025-10-08,2.34076349798909,-0.0133580403759795,13,1.1426952267362451,0.8665496032777109,0.8759325727220025,zero_cross
AGG,short,2025-10-14,2025-10-31,2.650958060473284,-0.6072904989857174,13,1.8955143953184614,0.2381403717766628,0.2618470632773085,zero_cross
HYG,short,2025-10-20,2025-10-29,2.0786816143546374,-0.2451557819338143,7,1.226255816180414,-0.08654759792448008,-0.22875507694937905,zero_cross
TLT,short,2025-10-20,2025-11-10,2.386898391643084,-1.0643409696027222,15,1.648217454707041,2.184598507188784,3.4358716456047946,zero_cross
LQD,long,2025-11-06,2025-11-24,-2.1003907475605827,0.2620782156795452,12,1.3897939299298876,0.38763211393926245,0.3997493660056887,zero_cross
JNK,long,2025-11-24,2025-12-17,-2.2725345901194856,0.1108706911682713,16,1.2028421906193796,0.030913828332490567,-0.08309976207005357,zero_cross
LQD,short,2025-12-04,2025-12-09,2.336555702672928,-0.9363998747383816,3,1.3474956648298078,0.4325523579827184,0.4481128607106434,zero_cross
AGG,long,2025-12-12,2025-12-22,-2.0057218591172434,0.2101342627178171,6,1.3397376236676972,-0.010013532792740865,-0.14738926899503493,zero_cross
LQD,long,2026-01-02,2026-01-15,-2.079990309082473,0.2671762165972705,9,1.5523873721382742,0.6626685759544504,0.8734795920107141,zero_cross
HYG,long,2026-01-12,2026-01-14,-2.454799684324761,0.191965947523546,2,2.0,0.0,-0.2,zero_cross
AGG,long,2026-01-14,2026-01-22,-2.110319942563464,1.8336496080191005,5,1.875186178800581,-0.32885085806930725,-0.8041752018183347,zero_cross
JNK,long,2026-01-22,2026-02-04,-2.153709647279193,0.5975749617806626,9,2.0,-0.8272034045550547,-1.8544068091101096,zero_cross
AGG,short,2026-01-26,2026-02-11,2.316794423138887,-0.4579293434357842,12,1.8842444610951636,0.03989718200185788,-0.11324840190921003,zero_cross
AGG,short,2026-02-25,2026-03-04,2.183663603733152,-0.4337961160394726,5,1.5731832235937933,0.5047527034929944,0.6367501628394118,zero_cross
JNK,short,2026-02-26,2026-03-11,2.207757619170023,-0.7171392831205804,9,2.0,1.4054192648779607,2.610838529755921,zero_cross
AGG,long,2026-03-06,2026-03-16,-2.3544498444902757,0.3739290783931377,6,1.2557603899754937,-0.5193810009945343,-0.777794127352308,zero_cross
TLT,short,2026-03-18,2026-04-02,2.0453062172308307,-0.1994855018354812,11,1.4474041317328534,0.19549007674226626,0.13821273161624345,zero_cross
LQD,long,2026-03-31,2026-04-07,-2.519814486128072,0.6308751863820777,4,0.7942307019705245,0.07340291093014262,-0.021124224722325398,zero_cross
LQD,short,2026-04-14,2026-04-16,2.064854282211113,-0.781771813224543,2,0.8948585513354566,0.5000936851882187,0.35802725552599357,zero_cross
AGG,long,2026-04-16,2026-04-23,-2.2153052570032266,0.0537766369413945,5,0.9689952336697769,-0.03016325661322483,-0.12612757525715093,zero_cross
LQD,short,2026-04-28,2026-05-05,2.080121718548592,-1.151878018449307,5,1.3429143295840484,0.6310543580772099,0.7131605072499436,zero_cross
HYG,long,2026-05-04,2026-06-02,-2.0088732306405963,-1.5683947748257638,20,1.1820114853740369,0.12531136628683992,0.029918325661553974,time_stop
AGG,short,2026-05-05,2026-05-08,2.5694227869457538,-0.0341765375307673,3,1.4493997072317133,-0.4151095231794244,-0.7465995920885251,zero_cross
LQD,long,2026-05-08,2026-05-27,-2.116248222113307,0.7848916146984104,12,1.323209919720808,-0.24724968004751213,-0.4594842212587448,zero_cross
AGG,long,2026-05-20,2026-06-02,-2.2047411123008493,0.6871894182621195,8,1.10237620899283,0.49887788401519195,0.43971348963174894,zero_cross
